;ESTACION;PRODUCTO;INICIAL;FINAL;PVP;ESTACION;PAGO;TARIFA
6;73;1;02/08/2025;20/08/2025;1,807;TORREJON;MENSUAL;TARIFA 12
6;19;1;01/08/2025;20/08/2025;1,787;ARCOS JALON;MENSUAL;TARIFA 12
6;26;1;01/08/2025;20/08/2025;1,794;ALFAJARIN;MENSUAL;TARIFA 12
6;1;1;01/08/2025;20/08/2025;1,811;TORREMOCHA;MENSUAL;TARIFA 12
6;2;1;01/08/2025;20/08/2025;1,811;MADRID;MENSUAL;TARIFA 12
6;55;1;01/08/2025;20/08/2025;1,819;VALLECAS;MENSUAL;TARIFA 12
6;96;1;01/08/2025;20/08/2025;1,807;ES VALDEMORO;MENSUAL;TARIFA 12
6;9;1;01/08/2025;20/08/2025;1,770;PAMPLONA;MENSUAL;TARIFA 12
6;10;1;01/08/2025;20/08/2025;1,770;PAMPLONA;MENSUAL;TARIFA 12
6;74;1;01/08/2025;20/08/2025;1,807;HUMILLADERO;MENSUAL;TARIFA 12
6;75;1;01/08/2025;20/08/2025;1,807;HUMILLADERO;MENSUAL;TARIFA 12
6;27;1;01/08/2025;20/08/2025;1,811;UCLES;MENSUAL;TARIFA 12
6;72;1;01/08/2025;20/08/2025;1,807;BENAMEJI;MENSUAL;TARIFA 12
6;76;1;01/08/2025;20/08/2025;1,782;SORIA ALCUBILLAS;MENSUAL;TARIFA 12
6;83;1;01/08/2025;20/08/2025;1,794;ES RIBA-ROJA;MENSUAL;TARIFA 12
6;84;1;01/08/2025;20/08/2025;1,794;ES PISTA DE SILLA;MENSUAL;TARIFA 12
6;85;1;01/08/2025;20/08/2025;1,794;ES REAL DE GANDIA;MENSUAL;TARIFA 12
6;87;1;01/08/2025;20/08/2025;1,794;ES CHIVA;MENSUAL;TARIFA 12
6;88;1;01/08/2025;20/08/2025;1,794;ES ALBERIC;MENSUAL;TARIFA 12
6;18;1;01/08/2025;20/08/2025;1,782;ABRERA;MENSUAL;TARIFA 12
6;70;1;01/08/2025;20/08/2025;1,819;VALDEHERRERA;MENSUAL;TARIFA 12
6;23;1;01/08/2025;20/08/2025;1,819;EL CASAR;MENSUAL;TARIFA 12
6;66;1;01/08/2025;20/08/2025;0,000;MONTE REAL;MENSUAL;TARIFA 12
6;8;1;01/08/2025;20/08/2025;1,782;LA JOYOSA;MENSUAL;TARIFA 12
6;82;1;01/08/2025;20/08/2025;1,787;JUNDIZ NORPETROL;MENSUAL;TARIFA 12
6;16;1;01/08/2025;20/08/2025;1,915;OLIVERAL;MENSUAL;TARIFA 12
6;14;1;01/08/2025;20/08/2025;0,000;Z.FRANCA;MENSUAL;TARIFA 12
6;5;1;01/08/2025;20/08/2025;1,799;GUARROMAN;MENSUAL;TARIFA 12
6;41;1;01/08/2025;20/08/2025;1,807;VALDEPEÑAS;MENSUAL;TARIFA 12
6;64;1;01/08/2025;20/08/2025;1,799;OPEN;MENSUAL;TARIFA 12
6;44;1;01/08/2025;20/08/2025;1,770;TJOIL SEVILLA;MENSUAL;TARIFA 12
6;33;1;01/08/2025;20/08/2025;1,822;BENAVENTE;MENSUAL;TARIFA 12
6;34;1;01/08/2025;20/08/2025;1,793;IRUN ZAISA III;MENSUAL;TARIFA 12
6;91;1;01/08/2025;20/08/2025;1,794;TARRAGONA ;MENSUAL;TARIFA 12
6;53;1;01/08/2025;20/08/2025;1,794;VILAMALLA;MENSUAL;TARIFA 12
6;45;1;01/08/2025;20/08/2025;1,807;LACHAR;MENSUAL;TARIFA 12
6;47;1;01/08/2025;20/08/2025;1,794;LA CAMPANA;MENSUAL;TARIFA 12
6;56;1;01/08/2025;20/08/2025;1,831;AVILESINA;MENSUAL;TARIFA 12
6;61;1;01/08/2025;20/08/2025;1,807;GOR;MENSUAL;TARIFA 12
6;60;1;01/08/2025;20/08/2025;1,782;LLERS;MENSUAL;TARIFA 12
6;65;1;01/08/2025;20/08/2025;1,807;DARRO - A92;MENSUAL;TARIFA 12
6;68;1;01/08/2025;20/08/2025;1,871;MERIDA;MENSUAL;TARIFA 12
6;67;1;01/08/2025;20/08/2025;1,770;SANCTI-SPIRITUS;MENSUAL;TARIFA 12
6;77;1;01/08/2025;20/08/2025;1,770;MURCIA;MENSUAL;TARIFA 12
6;78;1;01/08/2025;20/08/2025;1,770;NORIOIL;MENSUAL;TARIFA 12
6;80;1;01/08/2025;20/08/2025;1,820;SAN VICENTE DEL PALACIO;MENSUAL;TARIFA 12
6;81;1;01/08/2025;20/08/2025;1,832;WATERY ARANDA;MENSUAL;TARIFA 12
6;79;1;01/08/2025;20/08/2025;1,746;BERA ;MENSUAL;TARIFA 12
6;71;1;01/08/2025;20/08/2025;1,799;PUERTO DE BARCELONA;MENSUAL;TARIFA 12
6;86;1;01/08/2025;20/08/2025;1,823;GIRONA-CALSINA;MENSUAL;TARIFA 12
6;89;1;01/08/2025;20/08/2025;1,794;CATARROJA;MENSUAL;TARIFA 12
6;90;1;01/08/2025;20/08/2025;1,794;MANISES - EXOIL;MENSUAL;TARIFA 12
6;93;1;01/08/2025;20/08/2025;1,828;FEGOBLAN PONTEVEDRA;MENSUAL;TARIFA 12
6;94;1;01/08/2025;20/08/2025;1,817;VEGA DE VALCARCE;MENSUAL;TARIFA 12
6;95;1;01/08/2025;20/08/2025;1,827;HOILA TOLEDO;MENSUAL;TARIFA 12
6;97;1;01/08/2025;20/08/2025;1,803;PETREM TRUCKS FIGUERES;MENSUAL;TARIFA 12
24;73;1;01/08/2025;20/08/2025;1,814;TORREJON;MENSUAL;TARIFA 18
24;19;1;01/08/2025;20/08/2025;1,794;ARCOS JALON;MENSUAL;TARIFA 18
24;26;1;01/08/2025;20/08/2025;1,802;ALFAJARIN;MENSUAL;TARIFA 18
24;1;1;01/08/2025;20/08/2025;1,819;TORREMOCHA;MENSUAL;TARIFA 18
24;2;1;01/08/2025;20/08/2025;1,819;MADRID;MENSUAL;TARIFA 18
24;55;1;01/08/2025;20/08/2025;1,826;VALLECAS;MENSUAL;TARIFA 18
24;96;1;01/08/2025;20/08/2025;1,814;ES VALDEMORO;MENSUAL;TARIFA 18
24;9;1;01/08/2025;20/08/2025;1,777;PAMPLONA;MENSUAL;TARIFA 18
24;10;1;01/08/2025;20/08/2025;1,777;PAMPLONA;MENSUAL;TARIFA 18
24;74;1;01/08/2025;20/08/2025;1,814;HUMILLADERO;MENSUAL;TARIFA 18
24;75;1;01/08/2025;20/08/2025;1,814;HUMILLADERO;MENSUAL;TARIFA 18
24;27;1;01/08/2025;20/08/2025;1,819;UCLES;MENSUAL;TARIFA 18
24;72;1;01/08/2025;20/08/2025;1,814;BENAMEJI;MENSUAL;TARIFA 18
24;76;1;01/08/2025;20/08/2025;1,790;SORIA ALCUBILLAS;MENSUAL;TARIFA 18
24;83;1;01/08/2025;20/08/2025;1,802;ES RIBA-ROJA;MENSUAL;TARIFA 18
24;84;1;01/08/2025;20/08/2025;1,802;ES PISTA DE SILLA;MENSUAL;TARIFA 18
24;85;1;01/08/2025;20/08/2025;1,802;ES REAL DE GANDIA;MENSUAL;TARIFA 18
24;87;1;01/08/2025;20/08/2025;1,802;ES CHIVA;MENSUAL;TARIFA 18
24;88;1;01/08/2025;20/08/2025;1,802;ES ALBERIC;MENSUAL;TARIFA 18
24;18;1;01/08/2025;20/08/2025;1,790;ABRERA;MENSUAL;TARIFA 18
24;70;1;01/08/2025;20/08/2025;1,826;VALDEHERRERA;MENSUAL;TARIFA 18
24;23;1;01/08/2025;20/08/2025;1,826;EL CASAR;MENSUAL;TARIFA 18
24;66;1;01/08/2025;20/08/2025;0,000;MONTE REAL;MENSUAL;TARIFA 18
24;8;1;01/08/2025;20/08/2025;1,790;LA JOYOSA;MENSUAL;TARIFA 18
24;82;1;01/08/2025;20/08/2025;1,794;JUNDIZ NORPETROL;MENSUAL;TARIFA 18
24;16;1;01/08/2025;20/08/2025;1,923;OLIVERAL;MENSUAL;TARIFA 18
24;14;1;01/08/2025;20/08/2025;0,000;Z.FRANCA;MENSUAL;TARIFA 18
24;5;1;01/08/2025;20/08/2025;1,807;GUARROMAN;MENSUAL;TARIFA 18
24;41;1;01/08/2025;20/08/2025;1,814;VALDEPEÑAS;MENSUAL;TARIFA 18
24;64;1;01/08/2025;20/08/2025;1,807;OPEN;MENSUAL;TARIFA 18
24;44;1;01/08/2025;20/08/2025;1,777;TJOIL SEVILLA;MENSUAL;TARIFA 18
24;33;1;01/08/2025;20/08/2025;1,830;BENAVENTE;MENSUAL;TARIFA 18
24;34;1;01/08/2025;20/08/2025;1,800;IRUN ZAISA III;MENSUAL;TARIFA 18
24;91;1;01/08/2025;20/08/2025;1,802;TARRAGONA ;MENSUAL;TARIFA 18
24;53;1;01/08/2025;20/08/2025;1,802;VILAMALLA;MENSUAL;TARIFA 18
24;45;1;01/08/2025;20/08/2025;1,814;LACHAR;MENSUAL;TARIFA 18
24;47;1;01/08/2025;20/08/2025;1,802;LA CAMPANA;MENSUAL;TARIFA 18
24;56;1;01/08/2025;20/08/2025;1,838;AVILESINA;MENSUAL;TARIFA 18
24;61;1;01/08/2025;20/08/2025;1,814;GOR;MENSUAL;TARIFA 18
24;60;1;01/08/2025;20/08/2025;1,790;LLERS;MENSUAL;TARIFA 18
24;65;1;01/08/2025;20/08/2025;1,814;DARRO - A92;MENSUAL;TARIFA 18
24;68;1;01/08/2025;20/08/2025;1,878;MERIDA;MENSUAL;TARIFA 18
24;67;1;01/08/2025;20/08/2025;1,777;SANCTI-SPIRITUS;MENSUAL;TARIFA 18
24;77;1;01/08/2025;20/08/2025;1,777;MURCIA;MENSUAL;TARIFA 18
24;78;1;01/08/2025;20/08/2025;1,777;NORIOIL;MENSUAL;TARIFA 18
24;80;1;01/08/2025;20/08/2025;1,827;SAN VICENTE DEL PALACIO;MENSUAL;TARIFA 18
24;81;1;01/08/2025;20/08/2025;1,839;WATERY ARANDA;MENSUAL;TARIFA 18
24;79;1;01/08/2025;20/08/2025;1,753;BERA ;MENSUAL;TARIFA 18
24;71;1;01/08/2025;20/08/2025;1,807;PUERTO DE BARCELONA;MENSUAL;TARIFA 18
24;86;1;01/08/2025;20/08/2025;1,831;GIRONA-CALSINA;MENSUAL;TARIFA 18
24;89;1;01/08/2025;20/08/2025;1,802;CATARROJA;MENSUAL;TARIFA 18
24;90;1;01/08/2025;20/08/2025;1,802;MANISES - EXOIL;MENSUAL;TARIFA 18
24;93;1;01/08/2025;20/08/2025;1,836;FEGOBLAN PONTEVEDRA;MENSUAL;TARIFA 18
24;94;1;01/08/2025;20/08/2025;1,825;VEGA DE VALCARCE;MENSUAL;TARIFA 18
24;95;1;01/08/2025;20/08/2025;1,834;HOILA TOLEDO;MENSUAL;TARIFA 18
24;97;1;01/08/2025;20/08/2025;1,810;PETREM TRUCKS FIGUERES;MENSUAL;TARIFA 18
8;73;1;01/08/2025;20/08/2025;1,821;TORREJON;MENSUAL;TARIFA 24
8;19;1;01/08/2025;20/08/2025;1,802;ARCOS JALON;MENSUAL;TARIFA 24
8;26;1;01/08/2025;20/08/2025;1,809;ALFAJARIN;MENSUAL;TARIFA 24
8;1;1;01/08/2025;20/08/2025;1,826;TORREMOCHA;MENSUAL;TARIFA 24
8;2;1;01/08/2025;20/08/2025;1,826;MADRID;MENSUAL;TARIFA 24
8;55;1;01/08/2025;20/08/2025;1,833;VALLECAS;MENSUAL;TARIFA 24
8;96;1;01/08/2025;20/08/2025;1,821;ES VALDEMORO;MENSUAL;TARIFA 24
8;9;1;01/08/2025;20/08/2025;1,785;PAMPLONA;MENSUAL;TARIFA 24
8;10;1;01/08/2025;20/08/2025;1,785;PAMPLONA;MENSUAL;TARIFA 24
8;74;1;01/08/2025;20/08/2025;1,821;HUMILLADERO;MENSUAL;TARIFA 24
8;75;1;01/08/2025;20/08/2025;1,821;HUMILLADERO;MENSUAL;TARIFA 24
8;27;1;01/08/2025;20/08/2025;1,826;UCLES;MENSUAL;TARIFA 24
8;72;1;01/08/2025;20/08/2025;1,821;BENAMEJI;MENSUAL;TARIFA 24
8;76;1;01/08/2025;20/08/2025;1,797;SORIA ALCUBILLAS;MENSUAL;TARIFA 24
8;83;1;01/08/2025;20/08/2025;1,809;ES RIBA-ROJA;MENSUAL;TARIFA 24
8;84;1;01/08/2025;20/08/2025;1,809;ES PISTA DE SILLA;MENSUAL;TARIFA 24
8;85;1;01/08/2025;20/08/2025;1,809;ES REAL DE GANDIA;MENSUAL;TARIFA 24
8;87;1;01/08/2025;20/08/2025;1,809;ES CHIVA;MENSUAL;TARIFA 24
8;88;1;01/08/2025;20/08/2025;1,809;ES ALBERIC;MENSUAL;TARIFA 24
8;18;1;01/08/2025;20/08/2025;1,797;ABRERA;MENSUAL;TARIFA 24
8;70;1;01/08/2025;20/08/2025;1,833;VALDEHERRERA;MENSUAL;TARIFA 24
8;23;1;01/08/2025;20/08/2025;1,833;EL CASAR;MENSUAL;TARIFA 24
8;66;1;01/08/2025;20/08/2025;0,000;MONTE REAL;MENSUAL;TARIFA 24
8;8;1;01/08/2025;20/08/2025;1,797;LA JOYOSA;MENSUAL;TARIFA 24
8;82;1;01/08/2025;20/08/2025;1,802;JUNDIZ NORPETROL;MENSUAL;TARIFA 24
8;16;1;01/08/2025;20/08/2025;1,930;OLIVERAL;MENSUAL;TARIFA 24
8;14;1;01/08/2025;20/08/2025;0,000;Z.FRANCA;MENSUAL;TARIFA 24
8;5;1;01/08/2025;20/08/2025;1,814;GUARROMAN;MENSUAL;TARIFA 24
8;41;1;01/08/2025;20/08/2025;1,821;VALDEPEÑAS;MENSUAL;TARIFA 24
8;64;1;01/08/2025;20/08/2025;1,814;OPEN;MENSUAL;TARIFA 24
8;44;1;01/08/2025;20/08/2025;1,785;TJOIL SEVILLA;MENSUAL;TARIFA 24
8;33;1;01/08/2025;20/08/2025;1,837;BENAVENTE;MENSUAL;TARIFA 24
8;34;1;01/08/2025;20/08/2025;1,808;IRUN ZAISA III;MENSUAL;TARIFA 24
8;91;1;01/08/2025;20/08/2025;1,809;TARRAGONA ;MENSUAL;TARIFA 24
8;53;1;01/08/2025;20/08/2025;1,809;VILAMALLA;MENSUAL;TARIFA 24
8;45;1;01/08/2025;20/08/2025;1,821;LACHAR;MENSUAL;TARIFA 24
8;47;1;01/08/2025;20/08/2025;1,809;LA CAMPANA;MENSUAL;TARIFA 24
8;56;1;01/08/2025;20/08/2025;1,845;AVILESINA;MENSUAL;TARIFA 24
8;61;1;01/08/2025;20/08/2025;1,821;GOR;MENSUAL;TARIFA 24
8;60;1;01/08/2025;20/08/2025;1,797;LLERS;MENSUAL;TARIFA 24
8;65;1;01/08/2025;20/08/2025;1,821;DARRO - A92;MENSUAL;TARIFA 24
8;68;1;01/08/2025;20/08/2025;1,885;MERIDA;MENSUAL;TARIFA 24
8;67;1;01/08/2025;20/08/2025;1,785;SANCTI-SPIRITUS;MENSUAL;TARIFA 24
8;77;1;01/08/2025;20/08/2025;1,785;MURCIA;MENSUAL;TARIFA 24
8;78;1;01/08/2025;20/08/2025;1,785;NORIOIL;MENSUAL;TARIFA 24
8;80;1;01/08/2025;20/08/2025;1,834;SAN VICENTE DEL PALACIO;MENSUAL;TARIFA 24
8;81;1;01/08/2025;20/08/2025;1,846;WATERY ARANDA;MENSUAL;TARIFA 24
8;79;1;01/08/2025;20/08/2025;1,761;BERA ;MENSUAL;TARIFA 24
8;71;1;01/08/2025;20/08/2025;1,814;PUERTO DE BARCELONA;MENSUAL;TARIFA 24
8;86;1;01/08/2025;20/08/2025;1,838;GIRONA-CALSINA;MENSUAL;TARIFA 24
8;89;1;01/08/2025;20/08/2025;1,809;CATARROJA;MENSUAL;TARIFA 24
8;90;1;01/08/2025;20/08/2025;1,809;MANISES - EXOIL;MENSUAL;TARIFA 24
8;93;1;01/08/2025;20/08/2025;1,843;FEGOBLAN PONTEVEDRA;MENSUAL;TARIFA 24
8;94;1;01/08/2025;20/08/2025;1,832;VEGA DE VALCARCE;MENSUAL;TARIFA 24
8;95;1;01/08/2025;20/08/2025;1,842;HOILA TOLEDO;MENSUAL;TARIFA 24
8;97;1;01/08/2025;20/08/2025;1,817;PETREM TRUCKS FIGUERES;MENSUAL;TARIFA 24
3;73;1;01/08/2025;20/08/2025;1,836;TORREJON;MENSUAL;TARIFA 36
3;19;1;01/08/2025;20/08/2025;1,816;ARCOS JALON;MENSUAL;TARIFA 36
3;26;1;01/08/2025;20/08/2025;1,823;ALFAJARIN;MENSUAL;TARIFA 36
3;1;1;01/08/2025;20/08/2025;1,840;TORREMOCHA;MENSUAL;TARIFA 36
3;2;1;01/08/2025;20/08/2025;1,840;MADRID;MENSUAL;TARIFA 36
3;55;1;01/08/2025;20/08/2025;1,848;VALLECAS;MENSUAL;TARIFA 36
3;96;1;01/08/2025;20/08/2025;1,836;ES VALDEMORO;MENSUAL;TARIFA 36
3;9;1;01/08/2025;20/08/2025;1,799;PAMPLONA;MENSUAL;TARIFA 36
3;10;1;01/08/2025;20/08/2025;1,799;PAMPLONA;MENSUAL;TARIFA 36
3;74;1;01/08/2025;20/08/2025;1,836;HUMILLADERO;MENSUAL;TARIFA 36
3;75;1;01/08/2025;20/08/2025;1,836;HUMILLADERO;MENSUAL;TARIFA 36
3;27;1;01/08/2025;20/08/2025;1,840;UCLES;MENSUAL;TARIFA 36
3;72;1;01/08/2025;20/08/2025;1,836;BENAMEJI;MENSUAL;TARIFA 36
3;76;1;01/08/2025;20/08/2025;1,811;SORIA ALCUBILLAS;MENSUAL;TARIFA 36
3;83;1;01/08/2025;20/08/2025;1,823;ES RIBA-ROJA;MENSUAL;TARIFA 36
3;84;1;01/08/2025;20/08/2025;1,823;ES PISTA DE SILLA;MENSUAL;TARIFA 36
3;85;1;01/08/2025;20/08/2025;1,823;ES REAL DE GANDIA;MENSUAL;TARIFA 36
3;87;1;01/08/2025;20/08/2025;1,823;ES CHIVA;MENSUAL;TARIFA 36
3;88;1;01/08/2025;20/08/2025;1,823;ES ALBERIC;MENSUAL;TARIFA 36
3;18;1;01/08/2025;20/08/2025;1,811;ABRERA;MENSUAL;TARIFA 36
3;70;1;01/08/2025;20/08/2025;1,848;VALDEHERRERA;MENSUAL;TARIFA 36
3;23;1;01/08/2025;20/08/2025;1,848;EL CASAR;MENSUAL;TARIFA 36
3;66;1;01/08/2025;20/08/2025;0,000;MONTE REAL;MENSUAL;TARIFA 36
3;8;1;01/08/2025;20/08/2025;1,811;LA JOYOSA;MENSUAL;TARIFA 36
3;82;1;01/08/2025;20/08/2025;1,816;JUNDIZ NORPETROL;MENSUAL;TARIFA 36
3;16;1;01/08/2025;20/08/2025;1,944;OLIVERAL;MENSUAL;TARIFA 36
3;14;1;01/08/2025;20/08/2025;0,000;Z.FRANCA;MENSUAL;TARIFA 36
3;5;1;01/08/2025;20/08/2025;1,828;GUARROMAN;MENSUAL;TARIFA 36
3;41;1;01/08/2025;20/08/2025;1,836;VALDEPEÑAS;MENSUAL;TARIFA 36
3;64;1;01/08/2025;20/08/2025;1,828;OPEN;MENSUAL;TARIFA 36
3;44;1;01/08/2025;20/08/2025;1,799;TJOIL SEVILLA;MENSUAL;TARIFA 36
3;33;1;01/08/2025;20/08/2025;1,851;BENAVENTE;MENSUAL;TARIFA 36
3;34;1;01/08/2025;20/08/2025;1,822;IRUN ZAISA III;MENSUAL;TARIFA 36
3;91;1;01/08/2025;20/08/2025;1,823;TARRAGONA ;MENSUAL;TARIFA 36
3;53;1;01/08/2025;20/08/2025;1,823;VILAMALLA;MENSUAL;TARIFA 36
3;45;1;01/08/2025;20/08/2025;1,836;LACHAR;MENSUAL;TARIFA 36
3;47;1;01/08/2025;20/08/2025;1,823;LA CAMPANA;MENSUAL;TARIFA 36
3;56;1;01/08/2025;20/08/2025;1,860;AVILESINA;MENSUAL;TARIFA 36
3;61;1;01/08/2025;20/08/2025;1,836;GOR;MENSUAL;TARIFA 36
3;60;1;01/08/2025;20/08/2025;1,811;LLERS;MENSUAL;TARIFA 36
3;65;1;01/08/2025;20/08/2025;1,836;DARRO - A92;MENSUAL;TARIFA 36
3;68;1;01/08/2025;20/08/2025;1,900;MERIDA;MENSUAL;TARIFA 36
3;67;1;01/08/2025;20/08/2025;1,799;SANCTI-SPIRITUS;MENSUAL;TARIFA 36
3;77;1;01/08/2025;20/08/2025;1,799;MURCIA;MENSUAL;TARIFA 36
3;78;1;01/08/2025;20/08/2025;1,799;NORIOIL;MENSUAL;TARIFA 36
3;80;1;01/08/2025;20/08/2025;1,849;SAN VICENTE DEL PALACIO;MENSUAL;TARIFA 36
3;81;1;01/08/2025;20/08/2025;1,861;WATERY ARANDA;MENSUAL;TARIFA 36
3;79;1;01/08/2025;20/08/2025;1,775;BERA ;MENSUAL;TARIFA 36
3;71;1;01/08/2025;20/08/2025;1,828;PUERTO DE BARCELONA;MENSUAL;TARIFA 36
3;86;1;01/08/2025;20/08/2025;1,853;GIRONA-CALSINA;MENSUAL;TARIFA 36
3;89;1;01/08/2025;20/08/2025;1,823;CATARROJA;MENSUAL;TARIFA 36
3;90;1;01/08/2025;20/08/2025;1,823;MANISES - EXOIL;MENSUAL;TARIFA 36
3;93;1;01/08/2025;20/08/2025;1,857;FEGOBLAN PONTEVEDRA;MENSUAL;TARIFA 36
3;94;1;01/08/2025;20/08/2025;1,846;VEGA DE VALCARCE;MENSUAL;TARIFA 36
3;95;1;01/08/2025;20/08/2025;1,856;HOILA TOLEDO;MENSUAL;TARIFA 36
3;97;1;01/08/2025;20/08/2025;1,832;PETREM TRUCKS FIGUERES;MENSUAL;TARIFA 36
45;73;1;01/08/2025;20/08/2025;1,840;TORREJON;MENSUAL;TARIFA 40
45;19;1;01/08/2025;20/08/2025;1,821;ARCOS JALON;MENSUAL;TARIFA 40
45;26;1;01/08/2025;20/08/2025;1,828;ALFAJARIN;MENSUAL;TARIFA 40
45;1;1;01/08/2025;20/08/2025;1,845;TORREMOCHA;MENSUAL;TARIFA 40
45;2;1;01/08/2025;20/08/2025;1,845;MADRID;MENSUAL;TARIFA 40
45;55;1;01/08/2025;20/08/2025;1,853;VALLECAS;MENSUAL;TARIFA 40
45;96;1;01/08/2025;20/08/2025;1,840;ES VALDEMORO;MENSUAL;TARIFA 40
45;9;1;01/08/2025;20/08/2025;1,804;PAMPLONA;MENSUAL;TARIFA 40
45;10;1;01/08/2025;20/08/2025;1,804;PAMPLONA;MENSUAL;TARIFA 40
45;74;1;01/08/2025;20/08/2025;1,840;HUMILLADERO;MENSUAL;TARIFA 40
45;75;1;01/08/2025;20/08/2025;1,840;HUMILLADERO;MENSUAL;TARIFA 40
45;27;1;01/08/2025;20/08/2025;1,845;UCLES;MENSUAL;TARIFA 40
45;72;1;01/08/2025;20/08/2025;1,840;BENAMEJI;MENSUAL;TARIFA 40
45;76;1;01/08/2025;20/08/2025;1,816;SORIA ALCUBILLAS;MENSUAL;TARIFA 40
45;83;1;01/08/2025;20/08/2025;1,828;ES RIBA-ROJA;MENSUAL;TARIFA 40
45;84;1;01/08/2025;20/08/2025;1,828;ES PISTA DE SILLA;MENSUAL;TARIFA 40
45;85;1;01/08/2025;20/08/2025;1,828;ES REAL DE GANDIA;MENSUAL;TARIFA 40
45;87;1;01/08/2025;20/08/2025;1,828;ES CHIVA;MENSUAL;TARIFA 40
45;88;1;01/08/2025;20/08/2025;1,828;ES ALBERIC;MENSUAL;TARIFA 40
45;18;1;01/08/2025;20/08/2025;1,816;ABRERA;MENSUAL;TARIFA 40
45;70;1;01/08/2025;20/08/2025;1,853;VALDEHERRERA;MENSUAL;TARIFA 40
45;23;1;01/08/2025;20/08/2025;1,853;EL CASAR;MENSUAL;TARIFA 40
45;66;1;01/08/2025;20/08/2025;0,000;MONTE REAL;MENSUAL;TARIFA 40
45;8;1;01/08/2025;20/08/2025;1,816;LA JOYOSA;MENSUAL;TARIFA 40
45;82;1;01/08/2025;20/08/2025;1,821;JUNDIZ NORPETROL;MENSUAL;TARIFA 40
45;16;1;01/08/2025;20/08/2025;1,949;OLIVERAL;MENSUAL;TARIFA 40
45;14;1;01/08/2025;20/08/2025;0,000;Z.FRANCA;MENSUAL;TARIFA 40
45;5;1;01/08/2025;20/08/2025;1,833;GUARROMAN;MENSUAL;TARIFA 40
45;41;1;01/08/2025;20/08/2025;1,840;VALDEPEÑAS;MENSUAL;TARIFA 40
45;64;1;01/08/2025;20/08/2025;1,833;OPEN;MENSUAL;TARIFA 40
45;44;1;01/08/2025;20/08/2025;1,804;TJOIL SEVILLA;MENSUAL;TARIFA 40
45;33;1;01/08/2025;20/08/2025;1,856;BENAVENTE;MENSUAL;TARIFA 40
45;34;1;01/08/2025;20/08/2025;1,827;IRUN ZAISA III;MENSUAL;TARIFA 40
45;91;1;01/08/2025;20/08/2025;1,828;TARRAGONA ;MENSUAL;TARIFA 40
45;53;1;01/08/2025;20/08/2025;1,828;VILAMALLA;MENSUAL;TARIFA 40
45;45;1;01/08/2025;20/08/2025;1,840;LACHAR;MENSUAL;TARIFA 40
45;47;1;01/08/2025;20/08/2025;1,828;LA CAMPANA;MENSUAL;TARIFA 40
45;56;1;01/08/2025;20/08/2025;1,865;AVILESINA;MENSUAL;TARIFA 40
45;61;1;01/08/2025;20/08/2025;1,840;GOR;MENSUAL;TARIFA 40
45;60;1;01/08/2025;20/08/2025;1,816;LLERS;MENSUAL;TARIFA 40
45;65;1;01/08/2025;20/08/2025;1,840;DARRO - A92;MENSUAL;TARIFA 40
45;68;1;01/08/2025;20/08/2025;1,905;MERIDA;MENSUAL;TARIFA 40
45;67;1;01/08/2025;20/08/2025;1,804;SANCTI-SPIRITUS;MENSUAL;TARIFA 40
45;77;1;01/08/2025;20/08/2025;1,804;MURCIA;MENSUAL;TARIFA 40
45;78;1;01/08/2025;20/08/2025;1,804;NORIOIL;MENSUAL;TARIFA 40
45;80;1;01/08/2025;20/08/2025;1,854;SAN VICENTE DEL PALACIO;MENSUAL;TARIFA 40
45;81;1;01/08/2025;20/08/2025;1,866;WATERY ARANDA;MENSUAL;TARIFA 40
45;79;1;01/08/2025;20/08/2025;1,780;BERA ;MENSUAL;TARIFA 40
45;71;1;01/08/2025;20/08/2025;1,833;PUERTO DE BARCELONA;MENSUAL;TARIFA 40
45;86;1;01/08/2025;20/08/2025;1,857;GIRONA-CALSINA;MENSUAL;TARIFA 40
45;89;1;01/08/2025;20/08/2025;1,828;CATARROJA;MENSUAL;TARIFA 40
45;90;1;01/08/2025;20/08/2025;1,828;MANISES - EXOIL;MENSUAL;TARIFA 40
45;93;1;01/08/2025;20/08/2025;1,862;FEGOBLAN PONTEVEDRA;MENSUAL;TARIFA 40
45;94;1;01/08/2025;20/08/2025;1,851;VEGA DE VALCARCE;MENSUAL;TARIFA 40
45;95;1;01/08/2025;20/08/2025;1,861;HOILA TOLEDO;MENSUAL;TARIFA 40
45;97;1;01/08/2025;20/08/2025;1,837;PETREM TRUCKS FIGUERES;MENSUAL;TARIFA 40
39;73;1;01/08/2025;20/08/2025;1,843;TORREJON;MENSUAL;TARIFA 42
39;19;1;01/08/2025;20/08/2025;1,823;ARCOS JALON;MENSUAL;TARIFA 42
39;26;1;01/08/2025;20/08/2025;1,831;ALFAJARIN;MENSUAL;TARIFA 42
39;1;1;01/08/2025;20/08/2025;1,848;TORREMOCHA;MENSUAL;TARIFA 42
39;2;1;01/08/2025;20/08/2025;1,848;MADRID;MENSUAL;TARIFA 42
39;55;1;01/08/2025;20/08/2025;1,855;VALLECAS;MENSUAL;TARIFA 42
39;96;1;01/08/2025;20/08/2025;1,843;ES VALDEMORO;MENSUAL;TARIFA 42
39;9;1;01/08/2025;20/08/2025;1,807;PAMPLONA;MENSUAL;TARIFA 42
39;10;1;01/08/2025;20/08/2025;1,807;PAMPLONA;MENSUAL;TARIFA 42
39;74;1;01/08/2025;20/08/2025;1,843;HUMILLADERO;MENSUAL;TARIFA 42
39;75;1;01/08/2025;20/08/2025;1,843;HUMILLADERO;MENSUAL;TARIFA 42
39;27;1;01/08/2025;20/08/2025;1,848;UCLES;MENSUAL;TARIFA 42
39;72;1;01/08/2025;20/08/2025;1,843;BENAMEJI;MENSUAL;TARIFA 42
39;76;1;01/08/2025;20/08/2025;1,819;SORIA ALCUBILLAS;MENSUAL;TARIFA 42
39;83;1;01/08/2025;20/08/2025;1,831;ES RIBA-ROJA;MENSUAL;TARIFA 42
39;84;1;01/08/2025;20/08/2025;1,831;ES PISTA DE SILLA;MENSUAL;TARIFA 42
39;85;1;01/08/2025;20/08/2025;1,831;ES REAL DE GANDIA;MENSUAL;TARIFA 42
39;87;1;01/08/2025;20/08/2025;1,831;ES CHIVA;MENSUAL;TARIFA 42
39;88;1;01/08/2025;20/08/2025;1,831;ES ALBERIC;MENSUAL;TARIFA 42
39;18;1;01/08/2025;20/08/2025;1,819;ABRERA;MENSUAL;TARIFA 42
39;70;1;01/08/2025;20/08/2025;1,855;VALDEHERRERA;MENSUAL;TARIFA 42
39;23;1;01/08/2025;20/08/2025;1,855;EL CASAR;MENSUAL;TARIFA 42
39;66;1;01/08/2025;20/08/2025;0,000;MONTE REAL;MENSUAL;TARIFA 42
39;8;1;01/08/2025;20/08/2025;1,819;LA JOYOSA;MENSUAL;TARIFA 42
39;82;1;01/08/2025;20/08/2025;1,823;JUNDIZ NORPETROL;MENSUAL;TARIFA 42
39;16;1;01/08/2025;20/08/2025;1,952;OLIVERAL;MENSUAL;TARIFA 42
39;14;1;01/08/2025;20/08/2025;0,000;Z.FRANCA;MENSUAL;TARIFA 42
39;5;1;01/08/2025;20/08/2025;1,836;GUARROMAN;MENSUAL;TARIFA 42
39;41;1;01/08/2025;20/08/2025;1,843;VALDEPEÑAS;MENSUAL;TARIFA 42
39;64;1;01/08/2025;20/08/2025;1,836;OPEN;MENSUAL;TARIFA 42
39;44;1;01/08/2025;20/08/2025;1,807;TJOIL SEVILLA;MENSUAL;TARIFA 42
39;33;1;01/08/2025;20/08/2025;1,859;BENAVENTE;MENSUAL;TARIFA 42
39;34;1;01/08/2025;20/08/2025;1,830;IRUN ZAISA III;MENSUAL;TARIFA 42
39;91;1;01/08/2025;20/08/2025;1,831;TARRAGONA ;MENSUAL;TARIFA 42
39;53;1;01/08/2025;20/08/2025;1,831;VILAMALLA;MENSUAL;TARIFA 42
39;45;1;01/08/2025;20/08/2025;1,843;LACHAR;MENSUAL;TARIFA 42
39;47;1;01/08/2025;20/08/2025;1,831;LA CAMPANA;MENSUAL;TARIFA 42
39;56;1;01/08/2025;20/08/2025;1,867;AVILESINA;MENSUAL;TARIFA 42
39;61;1;01/08/2025;20/08/2025;1,843;GOR;MENSUAL;TARIFA 42
39;60;1;01/08/2025;20/08/2025;1,819;LLERS;MENSUAL;TARIFA 42
39;65;1;01/08/2025;20/08/2025;1,843;DARRO - A92;MENSUAL;TARIFA 42
39;68;1;01/08/2025;20/08/2025;1,907;MERIDA;MENSUAL;TARIFA 42
39;67;1;01/08/2025;20/08/2025;1,807;SANCTI-SPIRITUS;MENSUAL;TARIFA 42
39;77;1;01/08/2025;20/08/2025;1,807;MURCIA;MENSUAL;TARIFA 42
39;78;1;01/08/2025;20/08/2025;1,807;NORIOIL;MENSUAL;TARIFA 42
39;80;1;01/08/2025;20/08/2025;1,856;SAN VICENTE DEL PALACIO;MENSUAL;TARIFA 42
39;81;1;01/08/2025;20/08/2025;1,868;WATERY ARANDA;MENSUAL;TARIFA 42
39;79;1;01/08/2025;20/08/2025;1,782;BERA ;MENSUAL;TARIFA 42
39;71;1;01/08/2025;20/08/2025;1,836;PUERTO DE BARCELONA;MENSUAL;TARIFA 42
39;86;1;01/08/2025;20/08/2025;1,860;GIRONA-CALSINA;MENSUAL;TARIFA 42
39;89;1;01/08/2025;20/08/2025;1,831;CATARROJA;MENSUAL;TARIFA 42
39;90;1;01/08/2025;20/08/2025;1,831;MANISES - EXOIL;MENSUAL;TARIFA 42
39;93;1;01/08/2025;20/08/2025;1,865;FEGOBLAN PONTEVEDRA;MENSUAL;TARIFA 42
39;94;1;01/08/2025;20/08/2025;1,854;VEGA DE VALCARCE;MENSUAL;TARIFA 42
39;95;1;01/08/2025;20/08/2025;1,863;HOILA TOLEDO;MENSUAL;TARIFA 42
39;97;1;01/08/2025;20/08/2025;1,839;PETREM TRUCKS FIGUERES;MENSUAL;TARIFA 42
5;73;1;01/08/2025;20/08/2025;1,849;TORREJON;MENSUAL;TARIFA 47
5;19;1;01/08/2025;20/08/2025;1,830;ARCOS JALON;MENSUAL;TARIFA 47
5;26;1;01/08/2025;20/08/2025;1,837;ALFAJARIN;MENSUAL;TARIFA 47
5;1;1;01/08/2025;20/08/2025;1,854;TORREMOCHA;MENSUAL;TARIFA 47
5;2;1;01/08/2025;20/08/2025;1,854;MADRID;MENSUAL;TARIFA 47
5;55;1;01/08/2025;20/08/2025;1,861;VALLECAS;MENSUAL;TARIFA 47
5;96;1;01/08/2025;20/08/2025;1,849;ES VALDEMORO;MENSUAL;TARIFA 47
5;9;1;01/08/2025;20/08/2025;1,813;PAMPLONA;MENSUAL;TARIFA 47
5;10;1;01/08/2025;20/08/2025;1,813;PAMPLONA;MENSUAL;TARIFA 47
5;74;1;01/08/2025;20/08/2025;1,849;HUMILLADERO;MENSUAL;TARIFA 47
5;75;1;01/08/2025;20/08/2025;1,849;HUMILLADERO;MENSUAL;TARIFA 47
5;27;1;01/08/2025;20/08/2025;1,854;UCLES;MENSUAL;TARIFA 47
5;72;1;01/08/2025;20/08/2025;1,849;BENAMEJI;MENSUAL;TARIFA 47
5;76;1;01/08/2025;20/08/2025;1,825;SORIA ALCUBILLAS;MENSUAL;TARIFA 47
5;83;1;01/08/2025;20/08/2025;1,837;ES RIBA-ROJA;MENSUAL;TARIFA 47
5;84;1;01/08/2025;20/08/2025;1,837;ES PISTA DE SILLA;MENSUAL;TARIFA 47
5;85;1;01/08/2025;20/08/2025;1,837;ES REAL DE GANDIA;MENSUAL;TARIFA 47
5;87;1;01/08/2025;20/08/2025;1,837;ES CHIVA;MENSUAL;TARIFA 47
5;88;1;01/08/2025;20/08/2025;1,837;ES ALBERIC;MENSUAL;TARIFA 47
5;18;1;01/08/2025;20/08/2025;1,825;ABRERA;MENSUAL;TARIFA 47
5;70;1;01/08/2025;20/08/2025;1,861;VALDEHERRERA;MENSUAL;TARIFA 47
5;23;1;01/08/2025;20/08/2025;1,861;EL CASAR;MENSUAL;TARIFA 47
5;66;1;01/08/2025;20/08/2025;0,000;MONTE REAL;MENSUAL;TARIFA 47
5;8;1;01/08/2025;20/08/2025;1,825;LA JOYOSA;MENSUAL;TARIFA 47
5;82;1;01/08/2025;20/08/2025;1,830;JUNDIZ NORPETROL;MENSUAL;TARIFA 47
5;16;1;01/08/2025;20/08/2025;1,958;OLIVERAL;MENSUAL;TARIFA 47
5;14;1;01/08/2025;20/08/2025;0,000;Z.FRANCA;MENSUAL;TARIFA 47
5;5;1;01/08/2025;20/08/2025;1,842;GUARROMAN;MENSUAL;TARIFA 47
5;41;1;01/08/2025;20/08/2025;1,849;VALDEPEÑAS;MENSUAL;TARIFA 47
5;64;1;01/08/2025;20/08/2025;1,842;OPEN;MENSUAL;TARIFA 47
5;44;1;01/08/2025;20/08/2025;1,813;TJOIL SEVILLA;MENSUAL;TARIFA 47
5;33;1;01/08/2025;20/08/2025;1,865;BENAVENTE;MENSUAL;TARIFA 47
5;34;1;01/08/2025;20/08/2025;1,836;IRUN ZAISA III;MENSUAL;TARIFA 47
5;91;1;01/08/2025;20/08/2025;1,837;TARRAGONA ;MENSUAL;TARIFA 47
5;53;1;01/08/2025;20/08/2025;1,837;VILAMALLA;MENSUAL;TARIFA 47
5;45;1;01/08/2025;20/08/2025;1,849;LACHAR;MENSUAL;TARIFA 47
5;47;1;01/08/2025;20/08/2025;1,837;LA CAMPANA;MENSUAL;TARIFA 47
5;56;1;01/08/2025;20/08/2025;1,873;AVILESINA;MENSUAL;TARIFA 47
5;61;1;01/08/2025;20/08/2025;1,849;GOR;MENSUAL;TARIFA 47
5;60;1;01/08/2025;20/08/2025;1,825;LLERS;MENSUAL;TARIFA 47
5;65;1;01/08/2025;20/08/2025;1,849;DARRO - A92;MENSUAL;TARIFA 47
5;68;1;01/08/2025;20/08/2025;1,913;MERIDA;MENSUAL;TARIFA 47
5;67;1;01/08/2025;20/08/2025;1,813;SANCTI-SPIRITUS;MENSUAL;TARIFA 47
5;77;1;01/08/2025;20/08/2025;1,813;MURCIA;MENSUAL;TARIFA 47
5;78;1;01/08/2025;20/08/2025;1,813;NORIOIL;MENSUAL;TARIFA 47
5;80;1;01/08/2025;20/08/2025;1,862;SAN VICENTE DEL PALACIO;MENSUAL;TARIFA 47
5;81;1;01/08/2025;20/08/2025;1,874;WATERY ARANDA;MENSUAL;TARIFA 47
5;79;1;01/08/2025;20/08/2025;1,788;BERA ;MENSUAL;TARIFA 47
5;71;1;01/08/2025;20/08/2025;1,842;PUERTO DE BARCELONA;MENSUAL;TARIFA 47
5;86;1;01/08/2025;20/08/2025;1,866;GIRONA-CALSINA;MENSUAL;TARIFA 47
5;89;1;01/08/2025;20/08/2025;1,837;CATARROJA;MENSUAL;TARIFA 47
5;90;1;01/08/2025;20/08/2025;1,837;MANISES - EXOIL;MENSUAL;TARIFA 47
5;93;1;01/08/2025;20/08/2025;1,871;FEGOBLAN PONTEVEDRA;MENSUAL;TARIFA 47
5;94;1;01/08/2025;20/08/2025;1,860;VEGA DE VALCARCE;MENSUAL;TARIFA 47
5;95;1;01/08/2025;20/08/2025;1,869;HOILA TOLEDO;MENSUAL;TARIFA 47
5;97;1;01/08/2025;20/08/2025;1,845;PETREM TRUCKS FIGUERES;MENSUAL;TARIFA 47
4;73;1;01/08/2025;20/08/2025;1,849;TORREJON;MENSUAL;TARIFA 50
4;19;1;01/08/2025;20/08/2025;1,830;ARCOS JALON;MENSUAL;TARIFA 50
4;26;1;01/08/2025;20/08/2025;1,853;ALFAJARIN;MENSUAL;TARIFA 50
4;1;1;01/08/2025;20/08/2025;1,869;TORREMOCHA;MENSUAL;TARIFA 50
4;2;1;01/08/2025;20/08/2025;1,854;MADRID;MENSUAL;TARIFA 50
4;55;1;01/08/2025;20/08/2025;1,861;VALLECAS;MENSUAL;TARIFA 50
4;96;1;01/08/2025;20/08/2025;1,849;ES VALDEMORO;MENSUAL;TARIFA 50
4;9;1;01/08/2025;20/08/2025;1,828;PAMPLONA;MENSUAL;TARIFA 50
4;10;1;01/08/2025;20/08/2025;1,828;PAMPLONA;MENSUAL;TARIFA 50
4;74;1;01/08/2025;20/08/2025;1,865;HUMILLADERO;MENSUAL;TARIFA 50
4;75;1;01/08/2025;20/08/2025;1,865;HUMILLADERO;MENSUAL;TARIFA 50
4;27;1;01/08/2025;20/08/2025;1,869;UCLES;MENSUAL;TARIFA 50
4;72;1;01/08/2025;20/08/2025;1,865;BENAMEJI;MENSUAL;TARIFA 50
4;76;1;01/08/2025;20/08/2025;1,840;SORIA ALCUBILLAS;MENSUAL;TARIFA 50
4;83;1;01/08/2025;20/08/2025;1,853;ES RIBA-ROJA;MENSUAL;TARIFA 50
4;84;1;01/08/2025;20/08/2025;1,853;ES PISTA DE SILLA;MENSUAL;TARIFA 50
4;85;1;01/08/2025;20/08/2025;1,853;ES REAL DE GANDIA;MENSUAL;TARIFA 50
4;87;1;01/08/2025;20/08/2025;1,853;ES CHIVA;MENSUAL;TARIFA 50
4;88;1;01/08/2025;20/08/2025;1,853;ES ALBERIC;MENSUAL;TARIFA 50
4;18;1;01/08/2025;20/08/2025;1,840;ABRERA;MENSUAL;TARIFA 50
4;70;1;01/08/2025;20/08/2025;1,877;VALDEHERRERA;MENSUAL;TARIFA 50
4;23;1;01/08/2025;20/08/2025;1,877;EL CASAR;MENSUAL;TARIFA 50
4;66;1;01/08/2025;20/08/2025;0,000;MONTE REAL;MENSUAL;TARIFA 50
4;8;1;01/08/2025;20/08/2025;1,840;LA JOYOSA;MENSUAL;TARIFA 50
4;82;1;01/08/2025;20/08/2025;1,845;JUNDIZ NORPETROL;MENSUAL;TARIFA 50
4;16;1;01/08/2025;20/08/2025;1,974;OLIVERAL;MENSUAL;TARIFA 50
4;14;1;01/08/2025;20/08/2025;0,000;Z.FRANCA;MENSUAL;TARIFA 50
4;5;1;01/08/2025;20/08/2025;1,857;GUARROMAN;MENSUAL;TARIFA 50
4;41;1;01/08/2025;20/08/2025;1,865;VALDEPEÑAS;MENSUAL;TARIFA 50
4;64;1;01/08/2025;20/08/2025;1,857;OPEN;MENSUAL;TARIFA 50
4;44;1;01/08/2025;20/08/2025;1,828;TJOIL SEVILLA;MENSUAL;TARIFA 50
4;33;1;01/08/2025;20/08/2025;1,880;BENAVENTE;MENSUAL;TARIFA 50
4;34;1;01/08/2025;20/08/2025;1,851;IRUN ZAISA III;MENSUAL;TARIFA 50
4;91;1;01/08/2025;20/08/2025;1,853;TARRAGONA ;MENSUAL;TARIFA 50
4;53;1;01/08/2025;20/08/2025;1,853;VILAMALLA;MENSUAL;TARIFA 50
4;45;1;01/08/2025;20/08/2025;1,865;LACHAR;MENSUAL;TARIFA 50
4;47;1;01/08/2025;20/08/2025;1,853;LA CAMPANA;MENSUAL;TARIFA 50
4;56;1;01/08/2025;20/08/2025;1,889;AVILESINA;MENSUAL;TARIFA 50
4;61;1;01/08/2025;20/08/2025;1,865;GOR;MENSUAL;TARIFA 50
4;60;1;01/08/2025;20/08/2025;1,840;LLERS;MENSUAL;TARIFA 50
4;65;1;01/08/2025;20/08/2025;1,865;DARRO - A92;MENSUAL;TARIFA 50
4;68;1;01/08/2025;20/08/2025;1,929;MERIDA;MENSUAL;TARIFA 50
4;67;1;01/08/2025;20/08/2025;1,828;SANCTI-SPIRITUS;MENSUAL;TARIFA 50
4;77;1;01/08/2025;20/08/2025;1,828;MURCIA;MENSUAL;TARIFA 50
4;78;1;01/08/2025;20/08/2025;1,828;NORIOIL;MENSUAL;TARIFA 50
4;80;1;01/08/2025;20/08/2025;1,878;SAN VICENTE DEL PALACIO;MENSUAL;TARIFA 50
4;81;1;01/08/2025;20/08/2025;1,890;WATERY ARANDA;MENSUAL;TARIFA 50
4;79;1;01/08/2025;20/08/2025;1,804;BERA ;MENSUAL;TARIFA 50
4;71;1;01/08/2025;20/08/2025;1,857;PUERTO DE BARCELONA;MENSUAL;TARIFA 50
4;86;1;01/08/2025;20/08/2025;1,882;GIRONA-CALSINA;MENSUAL;TARIFA 50
4;89;1;01/08/2025;20/08/2025;1,853;CATARROJA;MENSUAL;TARIFA 50
4;90;1;01/08/2025;20/08/2025;1,853;MANISES - EXOIL;MENSUAL;TARIFA 50
4;93;1;01/08/2025;20/08/2025;1,886;FEGOBLAN PONTEVEDRA;MENSUAL;TARIFA 50
4;94;1;01/08/2025;20/08/2025;1,876;VEGA DE VALCARCE;MENSUAL;TARIFA 50
4;95;1;01/08/2025;20/08/2025;1,885;HOILA TOLEDO;MENSUAL;TARIFA 50
4;97;1;01/08/2025;20/08/2025;1,861;PETREM TRUCKS FIGUERES;MENSUAL;TARIFA 50
9;73;1;01/08/2025;20/08/2025;1,849;TORREJON;MENSUAL;TARIFA 60
9;19;1;01/08/2025;20/08/2025;1,830;ARCOS JALON;MENSUAL;TARIFA 60
9;26;1;01/08/2025;20/08/2025;1,877;ALFAJARIN;MENSUAL;TARIFA 60
9;1;1;01/08/2025;20/08/2025;1,894;TORREMOCHA;MENSUAL;TARIFA 60
9;2;1;01/08/2025;20/08/2025;1,854;MADRID;MENSUAL;TARIFA 60
9;55;1;01/08/2025;20/08/2025;1,861;VALLECAS;MENSUAL;TARIFA 60
9;96;1;01/08/2025;20/08/2025;1,849;ES VALDEMORO;MENSUAL;TARIFA 60
9;9;1;01/08/2025;20/08/2025;1,853;PAMPLONA;MENSUAL;TARIFA 60
9;10;1;01/08/2025;20/08/2025;1,853;PAMPLONA;MENSUAL;TARIFA 60
9;74;1;01/08/2025;20/08/2025;1,889;HUMILLADERO;MENSUAL;TARIFA 60
9;75;1;01/08/2025;20/08/2025;1,889;HUMILLADERO;MENSUAL;TARIFA 60
9;27;1;01/08/2025;20/08/2025;1,894;UCLES;MENSUAL;TARIFA 60
9;72;1;01/08/2025;20/08/2025;1,889;BENAMEJI;MENSUAL;TARIFA 60
9;76;1;01/08/2025;20/08/2025;1,865;SORIA ALCUBILLAS;MENSUAL;TARIFA 60
9;83;1;01/08/2025;20/08/2025;1,877;ES RIBA-ROJA;MENSUAL;TARIFA 60
9;84;1;01/08/2025;20/08/2025;1,877;ES PISTA DE SILLA;MENSUAL;TARIFA 60
9;85;1;01/08/2025;20/08/2025;1,877;ES REAL DE GANDIA;MENSUAL;TARIFA 60
9;87;1;01/08/2025;20/08/2025;1,877;ES CHIVA;MENSUAL;TARIFA 60
9;88;1;01/08/2025;20/08/2025;1,877;ES ALBERIC;MENSUAL;TARIFA 60
9;18;1;01/08/2025;20/08/2025;1,865;ABRERA;MENSUAL;TARIFA 60
9;70;1;01/08/2025;20/08/2025;1,901;VALDEHERRERA;MENSUAL;TARIFA 60
9;23;1;01/08/2025;20/08/2025;1,901;EL CASAR;MENSUAL;TARIFA 60
9;66;1;01/08/2025;20/08/2025;0,000;MONTE REAL;MENSUAL;TARIFA 60
9;8;1;01/08/2025;20/08/2025;1,865;LA JOYOSA;MENSUAL;TARIFA 60
9;82;1;01/08/2025;20/08/2025;1,869;JUNDIZ NORPETROL;MENSUAL;TARIFA 60
9;16;1;01/08/2025;20/08/2025;1,998;OLIVERAL;MENSUAL;TARIFA 60
9;14;1;01/08/2025;20/08/2025;0,000;Z.FRANCA;MENSUAL;TARIFA 60
9;5;1;01/08/2025;20/08/2025;1,882;GUARROMAN;MENSUAL;TARIFA 60
9;41;1;01/08/2025;20/08/2025;1,889;VALDEPEÑAS;MENSUAL;TARIFA 60
9;64;1;01/08/2025;20/08/2025;1,882;OPEN;MENSUAL;TARIFA 60
9;44;1;01/08/2025;20/08/2025;1,853;TJOIL SEVILLA;MENSUAL;TARIFA 60
9;33;1;01/08/2025;20/08/2025;1,905;BENAVENTE;MENSUAL;TARIFA 60
9;34;1;01/08/2025;20/08/2025;1,876;IRUN ZAISA III;MENSUAL;TARIFA 60
9;91;1;01/08/2025;20/08/2025;1,877;TARRAGONA ;MENSUAL;TARIFA 60
9;53;1;01/08/2025;20/08/2025;1,877;VILAMALLA;MENSUAL;TARIFA 60
9;45;1;01/08/2025;20/08/2025;1,889;LACHAR;MENSUAL;TARIFA 60
9;47;1;01/08/2025;20/08/2025;1,877;LA CAMPANA;MENSUAL;TARIFA 60
9;56;1;01/08/2025;20/08/2025;1,913;AVILESINA;MENSUAL;TARIFA 60
9;61;1;01/08/2025;20/08/2025;1,889;GOR;MENSUAL;TARIFA 60
9;60;1;01/08/2025;20/08/2025;1,865;LLERS;MENSUAL;TARIFA 60
9;65;1;01/08/2025;20/08/2025;1,889;DARRO - A92;MENSUAL;TARIFA 60
9;68;1;01/08/2025;20/08/2025;1,953;MERIDA;MENSUAL;TARIFA 60
9;67;1;01/08/2025;20/08/2025;1,853;SANCTI-SPIRITUS;MENSUAL;TARIFA 60
9;77;1;01/08/2025;20/08/2025;1,853;MURCIA;MENSUAL;TARIFA 60
9;78;1;01/08/2025;20/08/2025;1,853;NORIOIL;MENSUAL;TARIFA 60
9;80;1;01/08/2025;20/08/2025;1,902;SAN VICENTE DEL PALACIO;MENSUAL;TARIFA 60
9;81;1;01/08/2025;20/08/2025;1,914;WATERY ARANDA;MENSUAL;TARIFA 60
9;79;1;01/08/2025;20/08/2025;1,828;BERA ;MENSUAL;TARIFA 60
9;71;1;01/08/2025;20/08/2025;1,882;PUERTO DE BARCELONA;MENSUAL;TARIFA 60
9;86;1;01/08/2025;20/08/2025;1,906;GIRONA-CALSINA;MENSUAL;TARIFA 60
9;89;1;01/08/2025;20/08/2025;1,877;CATARROJA;MENSUAL;TARIFA 60
9;90;1;01/08/2025;20/08/2025;1,877;MANISES - EXOIL;MENSUAL;TARIFA 60
9;93;1;01/08/2025;20/08/2025;1,911;FEGOBLAN PONTEVEDRA;MENSUAL;TARIFA 60
9;94;1;01/08/2025;20/08/2025;1,900;VEGA DE VALCARCE;MENSUAL;TARIFA 60
9;95;1;01/08/2025;20/08/2025;1,909;HOILA TOLEDO;MENSUAL;TARIFA 60
9;97;1;01/08/2025;20/08/2025;1,885;PETREM TRUCKS FIGUERES;MENSUAL;TARIFA 60
42;73;1;01/08/2025;20/08/2025;1,901;TORREJON;MENSUAL;TARIFA 85
42;19;1;01/08/2025;20/08/2025;1,882;ARCOS JALON;MENSUAL;TARIFA 85
42;26;1;01/08/2025;20/08/2025;1,889;ALFAJARIN;MENSUAL;TARIFA 85
42;1;1;01/08/2025;20/08/2025;1,906;TORREMOCHA;MENSUAL;TARIFA 85
42;2;1;01/08/2025;20/08/2025;1,906;MADRID;MENSUAL;TARIFA 85
42;55;1;01/08/2025;20/08/2025;1,913;VALLECAS;MENSUAL;TARIFA 85
42;96;1;01/08/2025;20/08/2025;1,901;ES VALDEMORO;MENSUAL;TARIFA 85
42;9;1;01/08/2025;20/08/2025;1,865;PAMPLONA;MENSUAL;TARIFA 85
42;10;1;01/08/2025;20/08/2025;1,865;PAMPLONA;MENSUAL;TARIFA 85
42;74;1;01/08/2025;20/08/2025;1,901;HUMILLADERO;MENSUAL;TARIFA 85
42;75;1;01/08/2025;20/08/2025;1,901;HUMILLADERO;MENSUAL;TARIFA 85
42;27;1;01/08/2025;20/08/2025;1,906;UCLES;MENSUAL;TARIFA 85
42;72;1;01/08/2025;20/08/2025;1,901;BENAMEJI;MENSUAL;TARIFA 85
42;76;1;01/08/2025;20/08/2025;1,877;SORIA ALCUBILLAS;MENSUAL;TARIFA 85
42;83;1;01/08/2025;20/08/2025;1,889;ES RIBA-ROJA;MENSUAL;TARIFA 85
42;84;1;01/08/2025;20/08/2025;1,889;ES PISTA DE SILLA;MENSUAL;TARIFA 85
42;85;1;01/08/2025;20/08/2025;1,889;ES REAL DE GANDIA;MENSUAL;TARIFA 85
42;87;1;01/08/2025;20/08/2025;1,889;ES CHIVA;MENSUAL;TARIFA 85
42;88;1;01/08/2025;20/08/2025;1,889;ES ALBERIC;MENSUAL;TARIFA 85
42;18;1;01/08/2025;20/08/2025;1,877;ABRERA;MENSUAL;TARIFA 85
42;70;1;01/08/2025;20/08/2025;1,913;VALDEHERRERA;MENSUAL;TARIFA 85
42;23;1;01/08/2025;20/08/2025;1,913;EL CASAR;MENSUAL;TARIFA 85
42;66;1;01/08/2025;20/08/2025;0,000;MONTE REAL;MENSUAL;TARIFA 85
42;8;1;01/08/2025;20/08/2025;1,877;LA JOYOSA;MENSUAL;TARIFA 85
42;82;1;01/08/2025;20/08/2025;1,882;JUNDIZ NORPETROL;MENSUAL;TARIFA 85
42;16;1;01/08/2025;20/08/2025;2,010;OLIVERAL;MENSUAL;TARIFA 85
42;14;1;01/08/2025;20/08/2025;0,000;Z.FRANCA;MENSUAL;TARIFA 85
42;5;1;01/08/2025;20/08/2025;1,894;GUARROMAN;MENSUAL;TARIFA 85
42;41;1;01/08/2025;20/08/2025;1,901;VALDEPEÑAS;MENSUAL;TARIFA 85
42;64;1;01/08/2025;20/08/2025;1,894;OPEN;MENSUAL;TARIFA 85
42;44;1;01/08/2025;20/08/2025;1,865;TJOIL SEVILLA;MENSUAL;TARIFA 85
42;33;1;01/08/2025;20/08/2025;1,917;BENAVENTE;MENSUAL;TARIFA 85
42;34;1;01/08/2025;20/08/2025;1,888;IRUN ZAISA III;MENSUAL;TARIFA 85
42;91;1;01/08/2025;20/08/2025;1,889;TARRAGONA ;MENSUAL;TARIFA 85
42;53;1;01/08/2025;20/08/2025;1,889;VILAMALLA;MENSUAL;TARIFA 85
42;45;1;01/08/2025;20/08/2025;1,901;LACHAR;MENSUAL;TARIFA 85
42;47;1;01/08/2025;20/08/2025;1,889;LA CAMPANA;MENSUAL;TARIFA 85
42;56;1;01/08/2025;20/08/2025;1,925;AVILESINA;MENSUAL;TARIFA 85
42;61;1;01/08/2025;20/08/2025;1,901;GOR;MENSUAL;TARIFA 85
42;60;1;01/08/2025;20/08/2025;1,877;LLERS;MENSUAL;TARIFA 85
42;65;1;01/08/2025;20/08/2025;1,901;DARRO - A92;MENSUAL;TARIFA 85
42;68;1;01/08/2025;20/08/2025;1,965;MERIDA;MENSUAL;TARIFA 85
42;67;1;01/08/2025;20/08/2025;1,865;SANCTI-SPIRITUS;MENSUAL;TARIFA 85
42;77;1;01/08/2025;20/08/2025;1,865;MURCIA;MENSUAL;TARIFA 85
42;78;1;01/08/2025;20/08/2025;1,865;NORIOIL;MENSUAL;TARIFA 85
42;80;1;01/08/2025;20/08/2025;1,914;SAN VICENTE DEL PALACIO;MENSUAL;TARIFA 85
42;81;1;01/08/2025;20/08/2025;1,926;WATERY ARANDA;MENSUAL;TARIFA 85
42;79;1;01/08/2025;20/08/2025;1,840;BERA ;MENSUAL;TARIFA 85
42;71;1;01/08/2025;20/08/2025;1,894;PUERTO DE BARCELONA;MENSUAL;TARIFA 85
42;86;1;01/08/2025;20/08/2025;1,918;GIRONA-CALSINA;MENSUAL;TARIFA 85
42;89;1;01/08/2025;20/08/2025;1,889;CATARROJA;MENSUAL;TARIFA 85
42;90;1;01/08/2025;20/08/2025;1,889;MANISES - EXOIL;MENSUAL;TARIFA 85
42;93;1;01/08/2025;20/08/2025;1,923;FEGOBLAN PONTEVEDRA;MENSUAL;TARIFA 85
42;94;1;01/08/2025;20/08/2025;1,912;VEGA DE VALCARCE;MENSUAL;TARIFA 85
42;95;1;01/08/2025;20/08/2025;1,921;HOILA TOLEDO;MENSUAL;TARIFA 85
42;97;1;01/08/2025;20/08/2025;1,897;PETREM TRUCKS FIGUERES;MENSUAL;TARIFA 85
50;73;1;01/08/2025;20/08/2025;1,802;TORREJON;MENSUAL;TARIFA CARRERAS
50;19;1;01/08/2025;20/08/2025;1,782;ARCOS JALON;MENSUAL;TARIFA CARRERAS
50;26;1;01/08/2025;20/08/2025;1,790;ALFAJARIN;MENSUAL;TARIFA CARRERAS
50;1;1;01/08/2025;20/08/2025;1,807;TORREMOCHA;MENSUAL;TARIFA CARRERAS
50;2;1;01/08/2025;20/08/2025;1,807;MADRID;MENSUAL;TARIFA CARRERAS
50;55;1;01/08/2025;20/08/2025;1,826;VALLECAS;MENSUAL;TARIFA CARRERAS
50;96;1;01/08/2025;20/08/2025;1,814;ES VALDEMORO;MENSUAL;TARIFA CARRERAS
50;9;1;01/08/2025;20/08/2025;1,765;PAMPLONA;MENSUAL;TARIFA CARRERAS
50;10;1;01/08/2025;20/08/2025;1,765;PAMPLONA;MENSUAL;TARIFA CARRERAS
50;74;1;01/08/2025;20/08/2025;1,802;HUMILLADERO;MENSUAL;TARIFA CARRERAS
50;75;1;01/08/2025;20/08/2025;1,802;HUMILLADERO;MENSUAL;TARIFA CARRERAS
50;27;1;01/08/2025;20/08/2025;1,807;UCLES;MENSUAL;TARIFA CARRERAS
50;72;1;01/08/2025;20/08/2025;1,802;BENAMEJI;MENSUAL;TARIFA CARRERAS
50;76;1;01/08/2025;20/08/2025;1,790;SORIA ALCUBILLAS;MENSUAL;TARIFA CARRERAS
50;83;1;01/08/2025;20/08/2025;1,790;ES RIBA-ROJA;MENSUAL;TARIFA CARRERAS
50;84;1;01/08/2025;20/08/2025;1,790;ES PISTA DE SILLA;MENSUAL;TARIFA CARRERAS
50;85;1;01/08/2025;20/08/2025;1,790;ES REAL DE GANDIA;MENSUAL;TARIFA CARRERAS
50;87;1;01/08/2025;20/08/2025;1,790;ES CHIVA;MENSUAL;TARIFA CARRERAS
50;88;1;01/08/2025;20/08/2025;1,790;ES ALBERIC;MENSUAL;TARIFA CARRERAS
50;18;1;01/08/2025;20/08/2025;1,777;ABRERA;MENSUAL;TARIFA CARRERAS
50;70;1;01/08/2025;20/08/2025;1,826;VALDEHERRERA;MENSUAL;TARIFA CARRERAS
50;23;1;01/08/2025;20/08/2025;1,814;EL CASAR;MENSUAL;TARIFA CARRERAS
50;66;1;01/08/2025;20/08/2025;0,000;MONTE REAL;MENSUAL;TARIFA CARRERAS
50;8;1;01/08/2025;20/08/2025;1,790;LA JOYOSA;MENSUAL;TARIFA CARRERAS
50;82;1;01/08/2025;20/08/2025;1,782;JUNDIZ NORPETROL;MENSUAL;TARIFA CARRERAS
50;16;1;01/08/2025;20/08/2025;1,911;OLIVERAL;MENSUAL;TARIFA CARRERAS
50;14;1;01/08/2025;20/08/2025;0,000;Z.FRANCA;MENSUAL;TARIFA CARRERAS
50;5;1;01/08/2025;20/08/2025;1,794;GUARROMAN;MENSUAL;TARIFA CARRERAS
50;41;1;01/08/2025;20/08/2025;1,802;VALDEPEÑAS;MENSUAL;TARIFA CARRERAS
50;64;1;01/08/2025;20/08/2025;1,807;OPEN;MENSUAL;TARIFA CARRERAS
50;44;1;01/08/2025;20/08/2025;1,777;TJOIL SEVILLA;MENSUAL;TARIFA CARRERAS
50;33;1;01/08/2025;20/08/2025;1,830;BENAVENTE;MENSUAL;TARIFA CARRERAS
50;34;1;01/08/2025;20/08/2025;1,788;IRUN ZAISA III;MENSUAL;TARIFA CARRERAS
50;91;1;01/08/2025;20/08/2025;1,802;TARRAGONA ;MENSUAL;TARIFA CARRERAS
50;53;1;01/08/2025;20/08/2025;1,802;VILAMALLA;MENSUAL;TARIFA CARRERAS
50;45;1;01/08/2025;20/08/2025;1,814;LACHAR;MENSUAL;TARIFA CARRERAS
50;47;1;01/08/2025;20/08/2025;1,790;LA CAMPANA;MENSUAL;TARIFA CARRERAS
50;56;1;01/08/2025;20/08/2025;1,838;AVILESINA;MENSUAL;TARIFA CARRERAS
50;61;1;01/08/2025;20/08/2025;1,814;GOR;MENSUAL;TARIFA CARRERAS
50;60;1;01/08/2025;20/08/2025;1,777;LLERS;MENSUAL;TARIFA CARRERAS
50;65;1;01/08/2025;20/08/2025;1,814;DARRO - A92;MENSUAL;TARIFA CARRERAS
50;68;1;01/08/2025;20/08/2025;1,878;MERIDA;MENSUAL;TARIFA CARRERAS
50;67;1;01/08/2025;20/08/2025;1,777;SANCTI-SPIRITUS;MENSUAL;TARIFA CARRERAS
50;77;1;01/08/2025;20/08/2025;1,777;MURCIA;MENSUAL;TARIFA CARRERAS
50;78;1;01/08/2025;20/08/2025;1,777;NORIOIL;MENSUAL;TARIFA CARRERAS
50;80;1;01/08/2025;20/08/2025;1,827;SAN VICENTE DEL PALACIO;MENSUAL;TARIFA CARRERAS
50;81;1;01/08/2025;20/08/2025;1,839;WATERY ARANDA;MENSUAL;TARIFA CARRERAS
50;79;1;01/08/2025;20/08/2025;1,741;BERA ;MENSUAL;TARIFA CARRERAS
50;71;1;01/08/2025;20/08/2025;1,807;PUERTO DE BARCELONA;MENSUAL;TARIFA CARRERAS
50;86;1;01/08/2025;20/08/2025;1,819;GIRONA-CALSINA;MENSUAL;TARIFA CARRERAS
50;89;1;01/08/2025;20/08/2025;1,790;CATARROJA;MENSUAL;TARIFA CARRERAS
50;90;1;01/08/2025;20/08/2025;1,790;MANISES - EXOIL;MENSUAL;TARIFA CARRERAS
50;93;1;01/08/2025;20/08/2025;1,836;FEGOBLAN PONTEVEDRA;MENSUAL;TARIFA CARRERAS
50;94;1;01/08/2025;20/08/2025;1,825;VEGA DE VALCARCE;MENSUAL;TARIFA CARRERAS
50;95;1;01/08/2025;20/08/2025;1,834;HOILA TOLEDO;MENSUAL;TARIFA CARRERAS
50;97;1;01/08/2025;20/08/2025;1,798;PETREM TRUCKS FIGUERES;MENSUAL;TARIFA CARRERAS
85;73;1;01/08/2025;20/08/2025;1,802;TORREJON;MENSUAL;TARIFA JAVI
85;19;1;01/08/2025;20/08/2025;1,782;ARCOS JALON;MENSUAL;TARIFA JAVI
85;26;1;01/08/2025;20/08/2025;1,790;ALFAJARIN;MENSUAL;TARIFA JAVI
85;1;1;01/08/2025;20/08/2025;1,807;TORREMOCHA;MENSUAL;TARIFA JAVI
85;2;1;01/08/2025;20/08/2025;1,807;MADRID;MENSUAL;TARIFA JAVI
85;55;1;01/08/2025;20/08/2025;1,833;VALLECAS;MENSUAL;TARIFA JAVI
85;96;1;01/08/2025;20/08/2025;1,802;ES VALDEMORO;MENSUAL;TARIFA JAVI
85;9;1;01/08/2025;20/08/2025;1,765;PAMPLONA;MENSUAL;TARIFA JAVI
85;10;1;01/08/2025;20/08/2025;1,765;PAMPLONA;MENSUAL;TARIFA JAVI
85;74;1;01/08/2025;20/08/2025;1,802;HUMILLADERO;MENSUAL;TARIFA JAVI
85;75;1;01/08/2025;20/08/2025;1,802;HUMILLADERO;MENSUAL;TARIFA JAVI
85;27;1;01/08/2025;20/08/2025;1,807;UCLES;MENSUAL;TARIFA JAVI
85;72;1;01/08/2025;20/08/2025;1,821;BENAMEJI;MENSUAL;TARIFA JAVI
85;76;1;01/08/2025;20/08/2025;1,797;SORIA ALCUBILLAS;MENSUAL;TARIFA JAVI
85;83;1;01/08/2025;20/08/2025;1,790;ES RIBA-ROJA;MENSUAL;TARIFA JAVI
85;84;1;01/08/2025;20/08/2025;1,790;ES PISTA DE SILLA;MENSUAL;TARIFA JAVI
85;85;1;01/08/2025;20/08/2025;1,790;ES REAL DE GANDIA;MENSUAL;TARIFA JAVI
85;87;1;01/08/2025;20/08/2025;1,790;ES CHIVA;MENSUAL;TARIFA JAVI
85;88;1;01/08/2025;20/08/2025;1,790;ES ALBERIC;MENSUAL;TARIFA JAVI
85;18;1;01/08/2025;20/08/2025;1,777;ABRERA;MENSUAL;TARIFA JAVI
85;70;1;01/08/2025;20/08/2025;1,833;VALDEHERRERA;MENSUAL;TARIFA JAVI
85;23;1;01/08/2025;20/08/2025;1,814;EL CASAR;MENSUAL;TARIFA JAVI
85;66;1;01/08/2025;20/08/2025;0,000;MONTE REAL;MENSUAL;TARIFA JAVI
85;8;1;01/08/2025;20/08/2025;1,797;LA JOYOSA;MENSUAL;TARIFA JAVI
85;82;1;01/08/2025;20/08/2025;1,782;JUNDIZ NORPETROL;MENSUAL;TARIFA JAVI
85;16;1;01/08/2025;20/08/2025;1,911;OLIVERAL;MENSUAL;TARIFA JAVI
85;14;1;01/08/2025;20/08/2025;0,000;Z.FRANCA;MENSUAL;TARIFA JAVI
85;5;1;01/08/2025;20/08/2025;1,794;GUARROMAN;MENSUAL;TARIFA JAVI
85;41;1;01/08/2025;20/08/2025;1,802;VALDEPEÑAS;MENSUAL;TARIFA JAVI
85;64;1;01/08/2025;20/08/2025;1,814;OPEN;MENSUAL;TARIFA JAVI
85;44;1;01/08/2025;20/08/2025;1,785;TJOIL SEVILLA;MENSUAL;TARIFA JAVI
85;33;1;01/08/2025;20/08/2025;1,837;BENAVENTE;MENSUAL;TARIFA JAVI
85;34;1;01/08/2025;20/08/2025;1,808;IRUN ZAISA III;MENSUAL;TARIFA JAVI
85;91;1;01/08/2025;20/08/2025;1,809;TARRAGONA ;MENSUAL;TARIFA JAVI
85;53;1;01/08/2025;20/08/2025;1,809;VILAMALLA;MENSUAL;TARIFA JAVI
85;45;1;01/08/2025;20/08/2025;1,821;LACHAR;MENSUAL;TARIFA JAVI
85;47;1;01/08/2025;20/08/2025;1,809;LA CAMPANA;MENSUAL;TARIFA JAVI
85;56;1;01/08/2025;20/08/2025;1,845;AVILESINA;MENSUAL;TARIFA JAVI
85;61;1;01/08/2025;20/08/2025;1,821;GOR;MENSUAL;TARIFA JAVI
85;60;1;01/08/2025;20/08/2025;1,777;LLERS;MENSUAL;TARIFA JAVI
85;65;1;01/08/2025;20/08/2025;1,821;DARRO - A92;MENSUAL;TARIFA JAVI
85;68;1;01/08/2025;20/08/2025;1,885;MERIDA;MENSUAL;TARIFA JAVI
85;67;1;01/08/2025;20/08/2025;1,785;SANCTI-SPIRITUS;MENSUAL;TARIFA JAVI
85;77;1;01/08/2025;20/08/2025;1,785;MURCIA;MENSUAL;TARIFA JAVI
85;78;1;01/08/2025;20/08/2025;1,785;NORIOIL;MENSUAL;TARIFA JAVI
85;80;1;01/08/2025;20/08/2025;1,834;SAN VICENTE DEL PALACIO;MENSUAL;TARIFA JAVI
85;81;1;01/08/2025;20/08/2025;1,846;WATERY ARANDA;MENSUAL;TARIFA JAVI
85;79;1;01/08/2025;20/08/2025;1,741;BERA ;MENSUAL;TARIFA JAVI
85;71;1;01/08/2025;20/08/2025;1,814;PUERTO DE BARCELONA;MENSUAL;TARIFA JAVI
85;86;1;01/08/2025;20/08/2025;1,819;GIRONA-CALSINA;MENSUAL;TARIFA JAVI
85;89;1;01/08/2025;20/08/2025;1,790;CATARROJA;MENSUAL;TARIFA JAVI
85;90;1;01/08/2025;20/08/2025;1,790;MANISES - EXOIL;MENSUAL;TARIFA JAVI
85;93;1;01/08/2025;20/08/2025;1,843;FEGOBLAN PONTEVEDRA;MENSUAL;TARIFA JAVI
85;94;1;01/08/2025;20/08/2025;1,832;VEGA DE VALCARCE;MENSUAL;TARIFA JAVI
85;95;1;01/08/2025;20/08/2025;1,842;HOILA TOLEDO;MENSUAL;TARIFA JAVI
85;97;1;01/08/2025;20/08/2025;1,798;PETREM TRUCKS FIGUERES;MENSUAL;TARIFA JAVI
65;73;1;01/08/2025;20/08/2025;1,802;TORREJON;MENSUAL;TARIFA TRANSFRIRED
65;19;1;01/08/2025;20/08/2025;1,782;ARCOS JALON;MENSUAL;TARIFA TRANSFRIRED
65;26;1;01/08/2025;20/08/2025;1,790;ALFAJARIN;MENSUAL;TARIFA TRANSFRIRED
65;1;1;01/08/2025;20/08/2025;1,807;TORREMOCHA;MENSUAL;TARIFA TRANSFRIRED
65;2;1;01/08/2025;20/08/2025;1,807;MADRID;MENSUAL;TARIFA TRANSFRIRED
65;55;1;01/08/2025;20/08/2025;1,833;VALLECAS;MENSUAL;TARIFA TRANSFRIRED
65;96;1;01/08/2025;20/08/2025;1,821;ES VALDEMORO;MENSUAL;TARIFA TRANSFRIRED
65;9;1;01/08/2025;20/08/2025;1,785;PAMPLONA;MENSUAL;TARIFA TRANSFRIRED
65;10;1;01/08/2025;20/08/2025;1,785;PAMPLONA;MENSUAL;TARIFA TRANSFRIRED
65;74;1;01/08/2025;20/08/2025;1,802;HUMILLADERO;MENSUAL;TARIFA TRANSFRIRED
65;75;1;01/08/2025;20/08/2025;1,802;HUMILLADERO;MENSUAL;TARIFA TRANSFRIRED
65;27;1;01/08/2025;20/08/2025;1,807;UCLES;MENSUAL;TARIFA TRANSFRIRED
65;72;1;01/08/2025;20/08/2025;1,821;BENAMEJI;MENSUAL;TARIFA TRANSFRIRED
65;76;1;01/08/2025;20/08/2025;1,797;SORIA ALCUBILLAS;MENSUAL;TARIFA TRANSFRIRED
65;83;1;01/08/2025;20/08/2025;1,790;ES RIBA-ROJA;MENSUAL;TARIFA TRANSFRIRED
65;84;1;01/08/2025;20/08/2025;1,790;ES PISTA DE SILLA;MENSUAL;TARIFA TRANSFRIRED
65;85;1;01/08/2025;20/08/2025;1,790;ES REAL DE GANDIA;MENSUAL;TARIFA TRANSFRIRED
65;87;1;01/08/2025;20/08/2025;1,790;ES CHIVA;MENSUAL;TARIFA TRANSFRIRED
65;88;1;01/08/2025;20/08/2025;1,790;ES ALBERIC;MENSUAL;TARIFA TRANSFRIRED
65;18;1;01/08/2025;20/08/2025;1,777;ABRERA;MENSUAL;TARIFA TRANSFRIRED
65;70;1;01/08/2025;20/08/2025;1,833;VALDEHERRERA;MENSUAL;TARIFA TRANSFRIRED
65;23;1;01/08/2025;20/08/2025;1,814;EL CASAR;MENSUAL;TARIFA TRANSFRIRED
65;66;1;01/08/2025;20/08/2025;0,000;MONTE REAL;MENSUAL;TARIFA TRANSFRIRED
65;8;1;01/08/2025;20/08/2025;1,797;LA JOYOSA;MENSUAL;TARIFA TRANSFRIRED
65;82;1;01/08/2025;20/08/2025;1,782;JUNDIZ NORPETROL;MENSUAL;TARIFA TRANSFRIRED
65;16;1;01/08/2025;20/08/2025;1,911;OLIVERAL;MENSUAL;TARIFA TRANSFRIRED
65;14;1;01/08/2025;20/08/2025;0,000;Z.FRANCA;MENSUAL;TARIFA TRANSFRIRED
65;5;1;01/08/2025;20/08/2025;1,794;GUARROMAN;MENSUAL;TARIFA TRANSFRIRED
65;41;1;01/08/2025;20/08/2025;1,802;VALDEPEÑAS;MENSUAL;TARIFA TRANSFRIRED
65;64;1;01/08/2025;20/08/2025;1,814;OPEN;MENSUAL;TARIFA TRANSFRIRED
65;44;1;01/08/2025;20/08/2025;1,785;TJOIL SEVILLA;MENSUAL;TARIFA TRANSFRIRED
65;33;1;01/08/2025;20/08/2025;1,837;BENAVENTE;MENSUAL;TARIFA TRANSFRIRED
65;34;1;01/08/2025;20/08/2025;1,808;IRUN ZAISA III;MENSUAL;TARIFA TRANSFRIRED
65;91;1;01/08/2025;20/08/2025;1,809;TARRAGONA ;MENSUAL;TARIFA TRANSFRIRED
65;53;1;01/08/2025;20/08/2025;1,809;VILAMALLA;MENSUAL;TARIFA TRANSFRIRED
65;45;1;01/08/2025;20/08/2025;1,821;LACHAR;MENSUAL;TARIFA TRANSFRIRED
65;47;1;01/08/2025;20/08/2025;1,809;LA CAMPANA;MENSUAL;TARIFA TRANSFRIRED
65;56;1;01/08/2025;20/08/2025;1,845;AVILESINA;MENSUAL;TARIFA TRANSFRIRED
65;61;1;01/08/2025;20/08/2025;1,821;GOR;MENSUAL;TARIFA TRANSFRIRED
65;60;1;01/08/2025;20/08/2025;1,797;LLERS;MENSUAL;TARIFA TRANSFRIRED
65;65;1;01/08/2025;20/08/2025;1,821;DARRO - A92;MENSUAL;TARIFA TRANSFRIRED
65;68;1;01/08/2025;20/08/2025;1,885;MERIDA;MENSUAL;TARIFA TRANSFRIRED
65;67;1;01/08/2025;20/08/2025;1,785;SANCTI-SPIRITUS;MENSUAL;TARIFA TRANSFRIRED
65;77;1;01/08/2025;20/08/2025;1,785;MURCIA;MENSUAL;TARIFA TRANSFRIRED
65;78;1;01/08/2025;20/08/2025;1,785;NORIOIL;MENSUAL;TARIFA TRANSFRIRED
65;80;1;01/08/2025;20/08/2025;1,834;SAN VICENTE DEL PALACIO;MENSUAL;TARIFA TRANSFRIRED
65;81;1;01/08/2025;20/08/2025;1,846;WATERY ARANDA;MENSUAL;TARIFA TRANSFRIRED
65;79;1;01/08/2025;20/08/2025;1,761;BERA ;MENSUAL;TARIFA TRANSFRIRED
65;71;1;01/08/2025;20/08/2025;1,814;PUERTO DE BARCELONA;MENSUAL;TARIFA TRANSFRIRED
65;86;1;01/08/2025;20/08/2025;1,819;GIRONA-CALSINA;MENSUAL;TARIFA TRANSFRIRED
65;89;1;01/08/2025;20/08/2025;1,790;CATARROJA;MENSUAL;TARIFA TRANSFRIRED
65;90;1;01/08/2025;20/08/2025;1,790;MANISES - EXOIL;MENSUAL;TARIFA TRANSFRIRED
65;93;1;01/08/2025;20/08/2025;1,843;FEGOBLAN PONTEVEDRA;MENSUAL;TARIFA TRANSFRIRED
65;94;1;01/08/2025;20/08/2025;1,832;VEGA DE VALCARCE;MENSUAL;TARIFA TRANSFRIRED
65;95;1;01/08/2025;20/08/2025;1,842;HOILA TOLEDO;MENSUAL;TARIFA TRANSFRIRED
65;97;1;01/08/2025;20/08/2025;1,798;PETREM TRUCKS FIGUERES;MENSUAL;TARIFA TRANSFRIRED
62;73;1;01/08/2025;20/08/2025;1,802;TORREJON;MENSUAL;TARIFA ESPECIAL GENERAL
62;19;1;01/08/2025;20/08/2025;1,782;ARCOS JALON;MENSUAL;TARIFA ESPECIAL GENERAL
62;26;1;01/08/2025;20/08/2025;1,790;ALFAJARIN;MENSUAL;TARIFA ESPECIAL GENERAL
62;1;1;01/08/2025;20/08/2025;1,807;TORREMOCHA;MENSUAL;TARIFA ESPECIAL GENERAL
62;2;1;01/08/2025;20/08/2025;1,807;MADRID;MENSUAL;TARIFA ESPECIAL GENERAL
62;55;1;01/08/2025;20/08/2025;1,833;VALLECAS;MENSUAL;TARIFA ESPECIAL GENERAL
62;96;1;01/08/2025;20/08/2025;1,802;ES VALDEMORO;MENSUAL;TARIFA ESPECIAL GENERAL
62;9;1;01/08/2025;20/08/2025;1,765;PAMPLONA;MENSUAL;TARIFA ESPECIAL GENERAL
62;10;1;01/08/2025;20/08/2025;1,765;PAMPLONA;MENSUAL;TARIFA ESPECIAL GENERAL
62;74;1;01/08/2025;20/08/2025;1,802;HUMILLADERO;MENSUAL;TARIFA ESPECIAL GENERAL
62;75;1;01/08/2025;20/08/2025;1,802;HUMILLADERO;MENSUAL;TARIFA ESPECIAL GENERAL
62;27;1;01/08/2025;20/08/2025;1,807;UCLES;MENSUAL;TARIFA ESPECIAL GENERAL
62;72;1;01/08/2025;20/08/2025;1,802;BENAMEJI;MENSUAL;TARIFA ESPECIAL GENERAL
62;76;1;01/08/2025;20/08/2025;1,777;SORIA ALCUBILLAS;MENSUAL;TARIFA ESPECIAL GENERAL
62;83;1;01/08/2025;20/08/2025;1,790;ES RIBA-ROJA;MENSUAL;TARIFA ESPECIAL GENERAL
62;84;1;01/08/2025;20/08/2025;1,790;ES PISTA DE SILLA;MENSUAL;TARIFA ESPECIAL GENERAL
62;85;1;01/08/2025;20/08/2025;1,790;ES REAL DE GANDIA;MENSUAL;TARIFA ESPECIAL GENERAL
62;87;1;01/08/2025;20/08/2025;1,790;ES CHIVA;MENSUAL;TARIFA ESPECIAL GENERAL
62;88;1;01/08/2025;20/08/2025;1,790;ES ALBERIC;MENSUAL;TARIFA ESPECIAL GENERAL
62;18;1;01/08/2025;20/08/2025;1,777;ABRERA;MENSUAL;TARIFA ESPECIAL GENERAL
62;70;1;01/08/2025;20/08/2025;1,833;VALDEHERRERA;MENSUAL;TARIFA ESPECIAL GENERAL
62;23;1;01/08/2025;20/08/2025;1,814;EL CASAR;MENSUAL;TARIFA ESPECIAL GENERAL
62;66;1;01/08/2025;20/08/2025;0,000;MONTE REAL;MENSUAL;TARIFA ESPECIAL GENERAL
62;8;1;01/08/2025;20/08/2025;1,797;LA JOYOSA;MENSUAL;TARIFA ESPECIAL GENERAL
62;82;1;01/08/2025;20/08/2025;1,782;JUNDIZ NORPETROL;MENSUAL;TARIFA ESPECIAL GENERAL
62;16;1;01/08/2025;20/08/2025;1,911;OLIVERAL;MENSUAL;TARIFA ESPECIAL GENERAL
62;14;1;01/08/2025;20/08/2025;0,000;Z.FRANCA;MENSUAL;TARIFA ESPECIAL GENERAL
62;5;1;01/08/2025;20/08/2025;1,794;GUARROMAN;MENSUAL;TARIFA ESPECIAL GENERAL
62;41;1;01/08/2025;20/08/2025;1,802;VALDEPEÑAS;MENSUAL;TARIFA ESPECIAL GENERAL
62;64;1;01/08/2025;20/08/2025;1,794;OPEN;MENSUAL;TARIFA ESPECIAL GENERAL
62;44;1;01/08/2025;20/08/2025;1,785;TJOIL SEVILLA;MENSUAL;TARIFA ESPECIAL GENERAL
62;33;1;01/08/2025;20/08/2025;1,837;BENAVENTE;MENSUAL;TARIFA ESPECIAL GENERAL
62;34;1;01/08/2025;20/08/2025;1,788;IRUN ZAISA III;MENSUAL;TARIFA ESPECIAL GENERAL
62;91;1;01/08/2025;20/08/2025;1,809;TARRAGONA ;MENSUAL;TARIFA ESPECIAL GENERAL
62;53;1;01/08/2025;20/08/2025;1,809;VILAMALLA;MENSUAL;TARIFA ESPECIAL GENERAL
62;45;1;01/08/2025;20/08/2025;1,821;LACHAR;MENSUAL;TARIFA ESPECIAL GENERAL
62;47;1;01/08/2025;20/08/2025;1,790;LA CAMPANA;MENSUAL;TARIFA ESPECIAL GENERAL
62;56;1;01/08/2025;20/08/2025;1,845;AVILESINA;MENSUAL;TARIFA ESPECIAL GENERAL
62;61;1;01/08/2025;20/08/2025;1,821;GOR;MENSUAL;TARIFA ESPECIAL GENERAL
62;60;1;01/08/2025;20/08/2025;1,777;LLERS;MENSUAL;TARIFA ESPECIAL GENERAL
62;65;1;01/08/2025;20/08/2025;1,821;DARRO - A92;MENSUAL;TARIFA ESPECIAL GENERAL
62;68;1;01/08/2025;20/08/2025;1,885;MERIDA;MENSUAL;TARIFA ESPECIAL GENERAL
62;67;1;01/08/2025;20/08/2025;1,785;SANCTI-SPIRITUS;MENSUAL;TARIFA ESPECIAL GENERAL
62;77;1;01/08/2025;20/08/2025;1,785;MURCIA;MENSUAL;TARIFA ESPECIAL GENERAL
62;78;1;01/08/2025;20/08/2025;1,785;NORIOIL;MENSUAL;TARIFA ESPECIAL GENERAL
62;80;1;01/08/2025;20/08/2025;1,834;SAN VICENTE DEL PALACIO;MENSUAL;TARIFA ESPECIAL GENERAL
62;81;1;01/08/2025;20/08/2025;1,846;WATERY ARANDA;MENSUAL;TARIFA ESPECIAL GENERAL
62;79;1;01/08/2025;20/08/2025;1,741;BERA ;MENSUAL;TARIFA ESPECIAL GENERAL
62;71;1;01/08/2025;20/08/2025;1,814;PUERTO DE BARCELONA;MENSUAL;TARIFA ESPECIAL GENERAL
62;86;1;01/08/2025;20/08/2025;1,819;GIRONA-CALSINA;MENSUAL;TARIFA ESPECIAL GENERAL
62;89;1;01/08/2025;20/08/2025;1,790;CATARROJA;MENSUAL;TARIFA ESPECIAL GENERAL
62;90;1;01/08/2025;20/08/2025;1,790;MANISES - EXOIL;MENSUAL;TARIFA ESPECIAL GENERAL
62;93;1;01/08/2025;20/08/2025;1,843;FEGOBLAN PONTEVEDRA;MENSUAL;TARIFA ESPECIAL GENERAL
62;94;1;01/08/2025;20/08/2025;1,832;VEGA DE VALCARCE;MENSUAL;TARIFA ESPECIAL GENERAL
62;95;1;01/08/2025;20/08/2025;1,842;HOILA TOLEDO;MENSUAL;TARIFA ESPECIAL GENERAL
62;97;1;01/08/2025;20/08/2025;1,798;PETREM TRUCKS FIGUERES;MENSUAL;TARIFA ESPECIAL GENERAL
31;73;1;01/08/2025;20/08/2025;1,821;TORREJON;MENSUAL;TARIFA ROR
31;19;1;01/08/2025;20/08/2025;1,802;ARCOS JALON;MENSUAL;TARIFA ROR
31;26;1;01/08/2025;20/08/2025;1,790;ALFAJARIN;MENSUAL;TARIFA ROR
31;1;1;01/08/2025;20/08/2025;1,807;TORREMOCHA;MENSUAL;TARIFA ROR
31;2;1;01/08/2025;20/08/2025;1,826;MADRID;MENSUAL;TARIFA ROR
31;55;1;01/08/2025;20/08/2025;1,833;VALLECAS;MENSUAL;TARIFA ROR
31;96;1;01/08/2025;20/08/2025;1,821;ES VALDEMORO;MENSUAL;TARIFA ROR
31;9;1;01/08/2025;20/08/2025;1,785;PAMPLONA;MENSUAL;TARIFA ROR
31;10;1;01/08/2025;20/08/2025;1,785;PAMPLONA;MENSUAL;TARIFA ROR
31;74;1;01/08/2025;20/08/2025;1,821;HUMILLADERO;MENSUAL;TARIFA ROR
31;75;1;01/08/2025;20/08/2025;1,821;HUMILLADERO;MENSUAL;TARIFA ROR
31;27;1;01/08/2025;20/08/2025;1,826;UCLES;MENSUAL;TARIFA ROR
31;72;1;01/08/2025;20/08/2025;1,821;BENAMEJI;MENSUAL;TARIFA ROR
31;76;1;01/08/2025;20/08/2025;1,797;SORIA ALCUBILLAS;MENSUAL;TARIFA ROR
31;83;1;01/08/2025;20/08/2025;1,809;ES RIBA-ROJA;MENSUAL;TARIFA ROR
31;84;1;01/08/2025;20/08/2025;1,809;ES PISTA DE SILLA;MENSUAL;TARIFA ROR
31;85;1;01/08/2025;20/08/2025;1,809;ES REAL DE GANDIA;MENSUAL;TARIFA ROR
31;87;1;01/08/2025;20/08/2025;1,809;ES CHIVA;MENSUAL;TARIFA ROR
31;88;1;01/08/2025;20/08/2025;1,809;ES ALBERIC;MENSUAL;TARIFA ROR
31;18;1;01/08/2025;20/08/2025;1,777;ABRERA;MENSUAL;TARIFA ROR
31;70;1;01/08/2025;20/08/2025;1,833;VALDEHERRERA;MENSUAL;TARIFA ROR
31;23;1;01/08/2025;20/08/2025;1,833;EL CASAR;MENSUAL;TARIFA ROR
31;66;1;01/08/2025;20/08/2025;0,000;MONTE REAL;MENSUAL;TARIFA ROR
31;8;1;01/08/2025;20/08/2025;1,797;LA JOYOSA;MENSUAL;TARIFA ROR
31;82;1;01/08/2025;20/08/2025;1,802;JUNDIZ NORPETROL;MENSUAL;TARIFA ROR
31;16;1;01/08/2025;20/08/2025;1,930;OLIVERAL;MENSUAL;TARIFA ROR
31;14;1;01/08/2025;20/08/2025;0,000;Z.FRANCA;MENSUAL;TARIFA ROR
31;5;1;01/08/2025;20/08/2025;1,814;GUARROMAN;MENSUAL;TARIFA ROR
31;41;1;01/08/2025;20/08/2025;1,821;VALDEPEÑAS;MENSUAL;TARIFA ROR
31;64;1;01/08/2025;20/08/2025;1,814;OPEN;MENSUAL;TARIFA ROR
31;44;1;01/08/2025;20/08/2025;1,785;TJOIL SEVILLA;MENSUAL;TARIFA ROR
31;33;1;01/08/2025;20/08/2025;1,837;BENAVENTE;MENSUAL;TARIFA ROR
31;34;1;01/08/2025;20/08/2025;1,808;IRUN ZAISA III;MENSUAL;TARIFA ROR
31;91;1;01/08/2025;20/08/2025;1,809;TARRAGONA;MENSUAL;TARIFA ROR
31;53;1;01/08/2025;20/08/2025;1,809;VILAMALLA;MENSUAL;TARIFA ROR
31;45;1;01/08/2025;20/08/2025;1,821;LACHAR;MENSUAL;TARIFA ROR
31;47;1;01/08/2025;20/08/2025;1,809;LA CAMPANA;MENSUAL;TARIFA ROR
31;56;1;01/08/2025;20/08/2025;1,845;AVILESINA;MENSUAL;TARIFA ROR
31;61;1;01/08/2025;20/08/2025;1,821;GOR;MENSUAL;TARIFA ROR
31;60;1;01/08/2025;20/08/2025;1,797;LLERS;MENSUAL;TARIFA ROR
31;65;1;01/08/2025;20/08/2025;1,821;DARRO - A92;MENSUAL;TARIFA ROR
31;68;1;01/08/2025;20/08/2025;1,885;MERIDA;MENSUAL;TARIFA ROR
31;67;1;01/08/2025;20/08/2025;1,785;SANCTI-SPIRITUS;MENSUAL;TARIFA ROR
31;77;1;01/08/2025;20/08/2025;1,785;MURCIA;MENSUAL;TARIFA ROR
31;78;1;01/08/2025;20/08/2025;1,785;NORIOIL;MENSUAL;TARIFA ROR
31;80;1;01/08/2025;20/08/2025;1,834;SAN VICENTE DEL PALACIO;MENSUAL;TARIFA ROR
31;81;1;01/08/2025;20/08/2025;1,846;WATERY ARANDA;MENSUAL;TARIFA ROR
31;79;1;01/08/2025;20/08/2025;1,761;BERA ;MENSUAL;TARIFA ROR
31;71;1;01/08/2025;20/08/2025;1,814;PUERTO DE BARCELONA;MENSUAL;TARIFA ROR
31;86;1;01/08/2025;20/08/2025;1,838;GIRONA-CALSINA;MENSUAL;TARIFA ROR
31;89;1;01/08/2025;20/08/2025;1,790;CATARROJA;MENSUAL;TARIFA ROR
31;90;1;01/08/2025;20/08/2025;1,790;MANISES - EXOIL;MENSUAL;TARIFA ROR
31;93;1;01/08/2025;20/08/2025;1,843;FEGOBLAN PONTEVEDRA;MENSUAL;TARIFA ROR
31;94;1;01/08/2025;20/08/2025;1,832;VEGA DE VALCARCE;MENSUAL;TARIFA ROR
31;95;1;01/08/2025;20/08/2025;1,842;HOILA TOLEDO;MENSUAL;TARIFA ROR
31;97;1;01/08/2025;20/08/2025;1,817;PETREM TRUCKS FIGUERES;MENSUAL;TARIFA ROR
7;73;1;01/08/2025;20/08/2025;1,821;TORREJON;MENSUAL;TARIFA ESTEBAN
7;19;1;01/08/2025;20/08/2025;1,782;ARCOS JALON;MENSUAL;TARIFA ESTEBAN
7;26;1;01/08/2025;20/08/2025;1,790;ALFAJARIN;MENSUAL;TARIFA ESTEBAN
7;1;1;01/08/2025;20/08/2025;1,807;TORREMOCHA;MENSUAL;TARIFA ESTEBAN
7;2;1;01/08/2025;20/08/2025;1,807;MADRID;MENSUAL;TARIFA ESTEBAN
7;55;1;01/08/2025;20/08/2025;1,833;VALLECAS;MENSUAL;TARIFA ESTEBAN
7;96;1;01/08/2025;20/08/2025;1,821;ES VALDEMORO;MENSUAL;TARIFA ESTEBAN
7;9;1;01/08/2025;20/08/2025;1,765;PAMPLONA;MENSUAL;TARIFA ESTEBAN
7;10;1;01/08/2025;20/08/2025;1,765;PAMPLONA;MENSUAL;TARIFA ESTEBAN
7;74;1;01/08/2025;20/08/2025;1,821;HUMILLADERO;MENSUAL;TARIFA ESTEBAN
7;75;1;01/08/2025;20/08/2025;1,821;HUMILLADERO;MENSUAL;TARIFA ESTEBAN
7;27;1;01/08/2025;20/08/2025;1,807;UCLES;MENSUAL;TARIFA ESTEBAN
7;72;1;01/08/2025;20/08/2025;1,821;BENAMEJI;MENSUAL;TARIFA ESTEBAN
7;76;1;01/08/2025;20/08/2025;1,777;SORIA ALCUBILLAS;MENSUAL;TARIFA ESTEBAN
7;83;1;01/08/2025;20/08/2025;1,790;ES RIBA-ROJA;MENSUAL;TARIFA ESTEBAN
7;84;1;01/08/2025;20/08/2025;1,790;ES PISTA DE SILLA;MENSUAL;TARIFA ESTEBAN
7;85;1;01/08/2025;20/08/2025;1,790;ES REAL DE GANDIA;MENSUAL;TARIFA ESTEBAN
7;87;1;01/08/2025;20/08/2025;1,790;ES CHIVA;MENSUAL;TARIFA ESTEBAN
7;88;1;01/08/2025;20/08/2025;1,790;ES ALBERIC;MENSUAL;TARIFA ESTEBAN
7;18;1;01/08/2025;20/08/2025;1,797;ABRERA;MENSUAL;TARIFA ESTEBAN
7;70;1;01/08/2025;20/08/2025;1,833;VALDEHERRERA;MENSUAL;TARIFA ESTEBAN
7;23;1;01/08/2025;20/08/2025;1,814;EL CASAR;MENSUAL;TARIFA ESTEBAN
7;66;1;01/08/2025;20/08/2025;0,000;MONTE REAL;MENSUAL;TARIFA ESTEBAN
7;8;1;01/08/2025;20/08/2025;1,797;LA JOYOSA;MENSUAL;TARIFA ESTEBAN
7;82;1;01/08/2025;20/08/2025;1,802;JUNDIZ NORPETROL;MENSUAL;TARIFA ESTEBAN
7;16;1;01/08/2025;20/08/2025;1,911;OLIVERAL;MENSUAL;TARIFA ESTEBAN
7;14;1;01/08/2025;20/08/2025;0,000;Z.FRANCA;MENSUAL;TARIFA ESTEBAN
7;5;1;01/08/2025;20/08/2025;1,794;GUARROMAN;MENSUAL;TARIFA ESTEBAN
7;41;1;01/08/2025;20/08/2025;1,821;VALDEPEÑAS;MENSUAL;TARIFA ESTEBAN
7;64;1;01/08/2025;20/08/2025;1,814;OPEN;MENSUAL;TARIFA ESTEBAN
7;44;1;01/08/2025;20/08/2025;1,785;TJOIL SEVILLA;MENSUAL;TARIFA ESTEBAN
7;33;1;01/08/2025;20/08/2025;1,837;BENAVENTE;MENSUAL;TARIFA ESTEBAN
7;34;1;01/08/2025;20/08/2025;1,808;IRUN ZAISA III;MENSUAL;TARIFA ESTEBAN
7;91;1;01/08/2025;20/08/2025;1,809;TARRAGONA;MENSUAL;TARIFA ESTEBAN
7;53;1;01/08/2025;20/08/2025;1,809;VILAMALLA;MENSUAL;TARIFA ESTEBAN
7;45;1;01/08/2025;20/08/2025;1,821;LACHAR;MENSUAL;TARIFA ESTEBAN
7;47;1;01/08/2025;20/08/2025;1,809;LA CAMPANA;MENSUAL;TARIFA ESTEBAN
7;56;1;01/08/2025;20/08/2025;1,845;AVILESINA;MENSUAL;TARIFA ESTEBAN
7;61;1;01/08/2025;20/08/2025;1,821;GOR;MENSUAL;TARIFA ESTEBAN
7;60;1;01/08/2025;20/08/2025;1,797;LLERS;MENSUAL;TARIFA ESTEBAN
7;65;1;01/08/2025;20/08/2025;1,821;DARRO - A92;MENSUAL;TARIFA ESTEBAN
7;68;1;01/08/2025;20/08/2025;1,885;MERIDA;MENSUAL;TARIFA ESTEBAN
7;67;1;01/08/2025;20/08/2025;1,785;SANCTI-SPIRITUS;MENSUAL;TARIFA ESTEBAN
7;77;1;01/08/2025;20/08/2025;1,785;MURCIA;MENSUAL;TARIFA ESTEBAN
7;78;1;01/08/2025;20/08/2025;1,785;NORIOIL;MENSUAL;TARIFA ESTEBAN
7;80;1;01/08/2025;20/08/2025;1,834;SAN VICENTE DEL PALACIO;MENSUAL;TARIFA ESTEBAN
7;81;1;01/08/2025;20/08/2025;1,846;WATERY ARANDA;MENSUAL;TARIFA ESTEBAN
7;79;1;01/08/2025;20/08/2025;1,741;BERA ;MENSUAL;TARIFA ESTEBAN
7;71;1;01/08/2025;20/08/2025;1,814;PUERTO DE BARCELONA;MENSUAL;TARIFA ESTEBAN
7;86;1;01/08/2025;20/08/2025;1,838;GIRONA-CALSINA;MENSUAL;TARIFA ESTEBAN
7;89;1;01/08/2025;20/08/2025;1,790;CATARROJA;MENSUAL;TARIFA ESTEBAN
7;90;1;01/08/2025;20/08/2025;1,790;MANISES - EXOIL;MENSUAL;TARIFA ESTEBAN
7;93;1;01/08/2025;20/08/2025;1,843;FEGOBLAN PONTEVEDRA;MENSUAL;TARIFA ESTEBAN
7;94;1;01/08/2025;20/08/2025;1,832;VEGA DE VALCARCE;MENSUAL;TARIFA ESTEBAN
7;95;1;01/08/2025;20/08/2025;1,842;HOILA TOLEDO;MENSUAL;TARIFA ESTEBAN
7;97;1;01/08/2025;20/08/2025;1,798;PETREM TRUCKS FIGUERES;MENSUAL;TARIFA ESTEBAN
5;73;2;01/08/2025;20/08/2025;1,779;TORREJON ;MENSUAL;TARIFA 45 GASOLINA
5;2;2;01/08/2025;20/08/2025;1,779;MADRID;MENSUAL;TARIFA 45 GASOLINA
5;55;2;01/08/2025;20/08/2025;1,779;VALLECAS ;MENSUAL;TARIFA 45 GASOLINA
65;1;5;01/08/2025;20/08/2025;1,58873;TORREMOCHA ;;TRANFIRRED GOB
65;27;5;01/08/2025;20/08/2025;1,58873;UCLES;;TRANFIRRED GOB
65;19;5;01/08/2025;20/08/2025;1,58873;ARCOS JALON;;TRANFIRRED GOB
61;73;1;01/08/2025;20/08/2025;1,853;TORREJON;MENSUAL;TARIFA ECOTRANS
61;19;1;01/08/2025;20/08/2025;1,833;ARCOS JALON;MENSUAL;TARIFA ECOTRANS
61;26;1;01/08/2025;20/08/2025;1,840;ALFAJARIN;MENSUAL;TARIFA ECOTRANS
61;1;1;01/08/2025;20/08/2025;1,857;TORREMOCHA;MENSUAL;TARIFA ECOTRANS
61;2;1;01/08/2025;20/08/2025;1,857;MADRID;MENSUAL;TARIFA ECOTRANS
61;55;1;01/08/2025;20/08/2025;1,865;VALLECAS;MENSUAL;TARIFA ECOTRANS
61;96;1;01/08/2025;20/08/2025;1,853;ES VALDEMORO;MENSUAL;TARIFA ECOTRANS
61;9;1;01/08/2025;20/08/2025;1,816;PAMPLONA;MENSUAL;TARIFA ECOTRANS
61;10;1;01/08/2025;20/08/2025;1,816;PAMPLONA;MENSUAL;TARIFA ECOTRANS
61;74;1;01/08/2025;20/08/2025;1,853;HUMILLADERO;MENSUAL;TARIFA ECOTRANS
61;75;1;01/08/2025;20/08/2025;1,853;HUMILLADERO;MENSUAL;TARIFA ECOTRANS
61;27;1;01/08/2025;20/08/2025;1,857;UCLES;MENSUAL;TARIFA ECOTRANS
61;72;1;01/08/2025;20/08/2025;1,853;BENAMEJI;MENSUAL;TARIFA ECOTRANS
61;76;1;01/08/2025;20/08/2025;1,828;SORIA ALCUBILLAS;MENSUAL;TARIFA ECOTRANS
61;83;1;01/08/2025;20/08/2025;1,840;ES RIBA-ROJA;MENSUAL;TARIFA ECOTRANS
61;84;1;01/08/2025;20/08/2025;1,840;ES PISTA DE SILLA;MENSUAL;TARIFA ECOTRANS
61;85;1;01/08/2025;20/08/2025;1,840;ES REAL DE GANDIA;MENSUAL;TARIFA ECOTRANS
61;87;1;01/08/2025;20/08/2025;1,840;ES CHIVA;MENSUAL;TARIFA ECOTRANS
61;88;1;01/08/2025;20/08/2025;1,840;ES ALBERIC;MENSUAL;TARIFA ECOTRANS
61;18;1;01/08/2025;20/08/2025;1,828;ABRERA;MENSUAL;TARIFA ECOTRANS
61;70;1;01/08/2025;20/08/2025;1,865;VALDEHERRERA;MENSUAL;TARIFA ECOTRANS
61;23;1;01/08/2025;20/08/2025;1,865;EL CASAR;MENSUAL;TARIFA ECOTRANS
61;66;1;01/08/2025;20/08/2025;0,000;MONTE REAL;MENSUAL;TARIFA ECOTRANS
61;8;1;01/08/2025;20/08/2025;1,828;LA JOYOSA;MENSUAL;TARIFA ECOTRANS
61;82;1;01/08/2025;20/08/2025;1,833;JUNDIZ NORPETROL;MENSUAL;TARIFA ECOTRANS
61;16;1;01/08/2025;20/08/2025;1,961;OLIVERAL;MENSUAL;TARIFA ECOTRANS
61;14;1;01/08/2025;20/08/2025;0,000;Z.FRANCA;MENSUAL;TARIFA ECOTRANS
61;5;1;01/08/2025;20/08/2025;1,845;GUARROMAN;MENSUAL;TARIFA ECOTRANS
61;41;1;01/08/2025;20/08/2025;1,853;VALDEPEÑAS;MENSUAL;TARIFA ECOTRANS
61;64;1;01/08/2025;20/08/2025;1,845;OPEN;MENSUAL;TARIFA ECOTRANS
61;44;1;01/08/2025;20/08/2025;1,816;TJOIL SEVILLA;MENSUAL;TARIFA ECOTRANS
61;33;1;01/08/2025;20/08/2025;1,868;BENAVENTE;MENSUAL;TARIFA ECOTRANS
61;34;1;01/08/2025;20/08/2025;1,839;IRUN ZAISA III;MENSUAL;TARIFA ECOTRANS
61;91;1;01/08/2025;20/08/2025;1,840;TARRAGONA;MENSUAL;TARIFA ECOTRANS
61;53;1;01/08/2025;20/08/2025;1,840;VILAMALLA;MENSUAL;TARIFA ECOTRANS
61;45;1;01/08/2025;20/08/2025;1,853;LACHAR;MENSUAL;TARIFA ECOTRANS
61;47;1;01/08/2025;20/08/2025;1,840;LA CAMPANA;MENSUAL;TARIFA ECOTRANS
61;56;1;01/08/2025;20/08/2025;1,877;AVILESINA;MENSUAL;TARIFA ECOTRANS
61;61;1;01/08/2025;20/08/2025;1,853;GOR;MENSUAL;TARIFA ECOTRANS
61;60;1;01/08/2025;20/08/2025;1,828;LLERS;MENSUAL;TARIFA ECOTRANS
61;65;1;01/08/2025;20/08/2025;1,853;DARRO - A92;MENSUAL;TARIFA ECOTRANS
61;68;1;01/08/2025;20/08/2025;1,917;MERIDA;MENSUAL;TARIFA ECOTRANS
61;67;1;01/08/2025;20/08/2025;1,816;SANCTI-SPIRITUS;MENSUAL;TARIFA ECOTRANS
61;77;1;01/08/2025;20/08/2025;1,816;MURCIA;MENSUAL;TARIFA ECOTRANS
61;78;1;01/08/2025;20/08/2025;1,816;NORIOIL;MENSUAL;TARIFA ECOTRANS
61;80;1;01/08/2025;20/08/2025;1,866;SAN VICENTE DEL PALACIO;MENSUAL;TARIFA ECOTRANS
61;81;1;01/08/2025;20/08/2025;1,878;WATERY ARANDA;MENSUAL;TARIFA ECOTRANS
61;79;1;01/08/2025;20/08/2025;1,792;BERA ;MENSUAL;TARIFA ECOTRANS
61;71;1;01/08/2025;20/08/2025;1,845;PUERTO DE BARCELONA;MENSUAL;TARIFA ECOTRANS
61;86;1;01/08/2025;20/08/2025;1,869;GIRONA-CALSINA;MENSUAL;TARIFA ECOTRANS
61;89;1;01/08/2025;20/08/2025;1,840;CATARROJA;MENSUAL;TARIFA ECOTRANS
61;90;1;01/08/2025;20/08/2025;1,840;MANISES - EXOIL;MENSUAL;TARIFA ECOTRANS
61;93;1;01/08/2025;20/08/2025;1,874;FEGOBLAN PONTEVEDRA;MENSUAL;TARIFA ECOTRANS
61;94;1;01/08/2025;20/08/2025;1,863;VEGA DE VALCARCE;MENSUAL;TARIFA ECOTRANS
61;95;1;01/08/2025;20/08/2025;1,873;HOILA TOLEDO;MENSUAL;TARIFA ECOTRANS
61;97;1;01/08/2025;20/08/2025;1,849;PETREM TRUCKS FIGUERES;MENSUAL;TARIFA ECOTRANS
86;73;1;01/08/2025;20/08/2025;1,828;TORREJON;MENSUAL;TARIFA 30
86;19;1;01/08/2025;20/08/2025;1,809;ARCOS JALON;MENSUAL;TARIFA 30
86;26;1;01/08/2025;20/08/2025;1,816;ALFAJARIN;MENSUAL;TARIFA 30
86;1;1;01/08/2025;20/08/2025;1,833;TORREMOCHA;MENSUAL;TARIFA 30
86;2;1;01/08/2025;20/08/2025;1,833;MADRID;MENSUAL;TARIFA 30
86;55;1;01/08/2025;20/08/2025;1,840;VALLECAS;MENSUAL;TARIFA 30
86;96;1;01/08/2025;20/08/2025;1,828;ES VALDEMORO;MENSUAL;TARIFA 30
86;9;1;01/08/2025;20/08/2025;1,792;PAMPLONA;MENSUAL;TARIFA 30
86;10;1;01/08/2025;20/08/2025;1,792;PAMPLONA;MENSUAL;TARIFA 30
86;74;1;01/08/2025;20/08/2025;1,828;HUMILLADERO;MENSUAL;TARIFA 30
86;75;1;01/08/2025;20/08/2025;1,828;HUMILLADERO;MENSUAL;TARIFA 30
86;27;1;01/08/2025;20/08/2025;1,833;UCLES;MENSUAL;TARIFA 30
86;72;1;01/08/2025;20/08/2025;1,828;BENAMEJI;MENSUAL;TARIFA 30
86;76;1;01/08/2025;20/08/2025;1,804;SORIA ALCUBILLAS;MENSUAL;TARIFA 30
86;83;1;01/08/2025;20/08/2025;1,816;ES RIBA-ROJA;MENSUAL;TARIFA 30
86;84;1;01/08/2025;20/08/2025;1,816;ES PISTA DE SILLA;MENSUAL;TARIFA 30
86;85;1;01/08/2025;20/08/2025;1,816;ES REAL DE GANDIA;MENSUAL;TARIFA 30
86;87;1;01/08/2025;20/08/2025;1,816;ES CHIVA;MENSUAL;TARIFA 30
86;88;1;01/08/2025;20/08/2025;1,816;ES ALBERIC;MENSUAL;TARIFA 30
86;18;1;01/08/2025;20/08/2025;1,777;ABRERA;MENSUAL;TARIFA 30
86;70;1;01/08/2025;20/08/2025;1,840;VALDEHERRERA;MENSUAL;TARIFA 30
86;23;1;01/08/2025;20/08/2025;1,840;EL CASAR;MENSUAL;TARIFA 30
86;66;1;01/08/2025;20/08/2025;0,000;MONTE REAL;MENSUAL;TARIFA 30
86;8;1;01/08/2025;20/08/2025;1,804;LA JOYOSA;MENSUAL;TARIFA 30
86;82;1;01/08/2025;20/08/2025;1,809;JUNDIZ NORPETROL;MENSUAL;TARIFA 30
86;16;1;01/08/2025;20/08/2025;1,937;OLIVERAL;MENSUAL;TARIFA 30
86;14;1;01/08/2025;20/08/2025;0,000;Z.FRANCA;MENSUAL;TARIFA 30
86;5;1;01/08/2025;20/08/2025;1,821;GUARROMAN;MENSUAL;TARIFA 30
86;41;1;01/08/2025;20/08/2025;1,828;VALDEPEÑAS;MENSUAL;TARIFA 30
86;64;1;01/08/2025;20/08/2025;1,821;OPEN;MENSUAL;TARIFA 30
86;44;1;01/08/2025;20/08/2025;1,792;TJOIL SEVILLA;MENSUAL;TARIFA 30
86;33;1;01/08/2025;20/08/2025;1,844;BENAVENTE;MENSUAL;TARIFA 30
86;34;1;01/08/2025;20/08/2025;1,815;IRUN ZAISA III;MENSUAL;TARIFA 30
86;91;1;01/08/2025;20/08/2025;1,816;TARRAGONA;MENSUAL;TARIFA 30
86;53;1;01/08/2025;20/08/2025;1,816;VILAMALLA;MENSUAL;TARIFA 30
86;45;1;01/08/2025;20/08/2025;1,828;LACHAR;MENSUAL;TARIFA 30
86;47;1;01/08/2025;20/08/2025;1,816;LA CAMPANA;MENSUAL;TARIFA 30
86;56;1;01/08/2025;20/08/2025;1,853;AVILESINA;MENSUAL;TARIFA 30
86;61;1;01/08/2025;20/08/2025;1,828;GOR;MENSUAL;TARIFA 30
86;60;1;01/08/2025;20/08/2025;1,804;LLERS;MENSUAL;TARIFA 30
86;65;1;01/08/2025;20/08/2025;1,828;DARRO - A92;MENSUAL;TARIFA 30
86;68;1;01/08/2025;20/08/2025;1,892;MERIDA;MENSUAL;TARIFA 30
86;67;1;01/08/2025;20/08/2025;1,792;SANCTI-SPIRITUS;MENSUAL;TARIFA 30
86;77;1;01/08/2025;20/08/2025;1,792;MURCIA;MENSUAL;TARIFA 30
86;78;1;01/08/2025;20/08/2025;1,792;NORIOIL;MENSUAL;TARIFA 30
86;80;1;01/08/2025;20/08/2025;1,842;SAN VICENTE DEL PALACIO;MENSUAL;TARIFA 30
86;81;1;01/08/2025;20/08/2025;1,854;WATERY ARANDA;MENSUAL;TARIFA 30
86;79;1;01/08/2025;20/08/2025;1,768;BERA ;MENSUAL;TARIFA 30
86;71;1;01/08/2025;20/08/2025;1,821;PUERTO DE BARCELONA;MENSUAL;TARIFA 30
86;86;1;01/08/2025;20/08/2025;1,845;GIRONA-CALSINA;MENSUAL;TARIFA 30
86;89;1;01/08/2025;20/08/2025;1,816;CATARROJA;MENSUAL;TARIFA 30
86;90;1;01/08/2025;20/08/2025;1,816;MANISES - EXOIL;MENSUAL;TARIFA 30
86;93;1;01/08/2025;20/08/2025;1,850;FEGOBLAN PONTEVEDRA;MENSUAL;TARIFA 30
86;94;1;01/08/2025;20/08/2025;1,839;VEGA DE VALCARCE;MENSUAL;TARIFA 30
86;95;1;01/08/2025;20/08/2025;1,849;HOILA TOLEDO;MENSUAL;TARIFA 30
86;97;1;01/08/2025;20/08/2025;1,825;PETREM TRUCKS FIGUERES;MENSUAL;TARIFA 30
87;73;1;01/08/2025;20/08/2025;1,825;TORREJON;MENSUAL;TARIFA 27 SUR
87;19;1;01/08/2025;20/08/2025;1,805;ARCOS JALON;MENSUAL;TARIFA 27 SUR
87;26;1;01/08/2025;20/08/2025;1,813;ALFAJARIN;MENSUAL;TARIFA 27 SUR
87;1;1;01/08/2025;20/08/2025;1,830;TORREMOCHA;MENSUAL;TARIFA 27 SUR
87;2;1;01/08/2025;20/08/2025;1,830;MADRID;MENSUAL;TARIFA 27 SUR
87;55;1;01/08/2025;20/08/2025;1,837;VALLECAS;MENSUAL;TARIFA 27 SUR
87;96;1;01/08/2025;20/08/2025;1,825;ES VALDEMORO;MENSUAL;TARIFA 27 SUR
87;9;1;01/08/2025;20/08/2025;1,788;PAMPLONA;MENSUAL;TARIFA 27 SUR
87;10;1;01/08/2025;20/08/2025;1,788;PAMPLONA;MENSUAL;TARIFA 27 SUR
87;74;1;01/08/2025;20/08/2025;1,825;HUMILLADERO;MENSUAL;TARIFA 27 SUR
87;75;1;01/08/2025;20/08/2025;1,825;HUMILLADERO;MENSUAL;TARIFA 27 SUR
87;27;1;01/08/2025;20/08/2025;1,830;UCLES;MENSUAL;TARIFA 27 SUR
87;72;1;01/08/2025;20/08/2025;1,825;BENAMEJI;MENSUAL;TARIFA 27 SUR
87;76;1;01/08/2025;20/08/2025;1,800;SORIA ALCUBILLAS;MENSUAL;TARIFA 27 SUR
87;83;1;01/08/2025;20/08/2025;1,813;ES RIBA-ROJA;MENSUAL;TARIFA 27 SUR
87;84;1;01/08/2025;20/08/2025;1,813;ES PISTA DE SILLA;MENSUAL;TARIFA 27 SUR
87;85;1;01/08/2025;20/08/2025;1,813;ES REAL DE GANDIA;MENSUAL;TARIFA 27 SUR
87;87;1;01/08/2025;20/08/2025;1,813;ES CHIVA;MENSUAL;TARIFA 27 SUR
87;88;1;01/08/2025;20/08/2025;1,813;ES ALBERIC;MENSUAL;TARIFA 27 SUR
87;18;1;01/08/2025;20/08/2025;1,777;ABRERA;MENSUAL;TARIFA 27 SUR
87;70;1;01/08/2025;20/08/2025;1,848;VALDEHERRERA;MENSUAL;TARIFA 27 SUR
87;23;1;01/08/2025;20/08/2025;1,837;EL CASAR;MENSUAL;TARIFA 27 SUR
87;66;1;01/08/2025;20/08/2025;0,000;MONTE REAL;MENSUAL;TARIFA 27 SUR
87;8;1;01/08/2025;20/08/2025;1,811;LA JOYOSA;MENSUAL;TARIFA 27 SUR
87;82;1;01/08/2025;20/08/2025;1,816;JUNDIZ NORPETROL;MENSUAL;TARIFA 27 SUR
87;16;1;01/08/2025;20/08/2025;1,944;OLIVERAL;MENSUAL;TARIFA 27 SUR
87;14;1;01/08/2025;20/08/2025;0,000;Z.FRANCA;MENSUAL;TARIFA 27 SUR
87;5;1;01/08/2025;20/08/2025;1,817;GUARROMAN;MENSUAL;TARIFA 27 SUR
87;41;1;01/08/2025;20/08/2025;1,825;VALDEPEÑAS;MENSUAL;TARIFA 27 SUR
87;64;1;01/08/2025;20/08/2025;1,817;OPEN;MENSUAL;TARIFA 27 SUR
87;44;1;01/08/2025;20/08/2025;1,799;TJOIL SEVILLA;MENSUAL;TARIFA 27 SUR
87;33;1;01/08/2025;20/08/2025;1,851;BENAVENTE;MENSUAL;TARIFA 27 SUR
87;34;1;01/08/2025;20/08/2025;1,822;IRUN ZAISA III;MENSUAL;TARIFA 27 SUR
87;91;1;01/08/2025;20/08/2025;1,823;TARRAGONA;MENSUAL;TARIFA 27 SUR
87;53;1;01/08/2025;20/08/2025;1,823;VILAMALLA;MENSUAL;TARIFA 27 SUR
87;45;1;01/08/2025;20/08/2025;1,825;LACHAR;MENSUAL;TARIFA 27 SUR
87;47;1;01/08/2025;20/08/2025;1,813;LA CAMPANA;MENSUAL;TARIFA 27 SUR
87;56;1;01/08/2025;20/08/2025;1,860;AVILESINA;MENSUAL;TARIFA 27 SUR
87;61;1;01/08/2025;20/08/2025;1,825;GOR;MENSUAL;TARIFA 27 SUR
87;60;1;01/08/2025;20/08/2025;1,811;LLERS;MENSUAL;TARIFA 27 SUR
87;65;1;01/08/2025;20/08/2025;1,825;DARRO - A92;MENSUAL;TARIFA 27 SUR
87;68;1;01/08/2025;20/08/2025;1,900;MERIDA;MENSUAL;TARIFA 27 SUR
87;67;1;01/08/2025;20/08/2025;1,799;SANCTI-SPIRITUS;MENSUAL;TARIFA 27 SUR
87;77;1;01/08/2025;20/08/2025;1,799;MURCIA;MENSUAL;TARIFA 27 SUR
87;78;1;01/08/2025;20/08/2025;1,799;NORIOIL;MENSUAL;TARIFA 27 SUR
87;80;1;01/08/2025;20/08/2025;1,849;SAN VICENTE DEL PALACIO;MENSUAL;TARIFA 27 SUR
87;81;1;01/08/2025;20/08/2025;1,861;WATERY ARANDA;MENSUAL;TARIFA 27 SUR
87;79;1;01/08/2025;20/08/2025;1,775;BERA ;MENSUAL;TARIFA 27 SUR
87;71;1;01/08/2025;20/08/2025;1,828;PUERTO DE BARCELONA;MENSUAL;TARIFA 27 SUR
87;86;1;01/08/2025;20/08/2025;1,853;GIRONA-CALSINA;MENSUAL;TARIFA 27 SUR
87;89;1;01/08/2025;20/08/2025;1,813;CATARROJA;MENSUAL;TARIFA 27 SUR
87;90;1;01/08/2025;20/08/2025;1,813;MANISES - EXOIL;MENSUAL;TARIFA 27 SUR
87;93;1;01/08/2025;20/08/2025;1,857;FEGOBLAN PONTEVEDRA;MENSUAL;TARIFA 27 SUR
87;94;1;01/08/2025;20/08/2025;1,846;VEGA DE VALCARCE;MENSUAL;TARIFA 27 SUR
87;95;1;01/08/2025;20/08/2025;1,856;HOILA TOLEDO;MENSUAL;TARIFA 27 SUR
87;97;1;01/08/2025;20/08/2025;1,821;PETREM TRUCKS FIGUERES;MENSUAL;TARIFA 27 SUR
88;73;1;01/08/2025;20/08/2025;1,810;TORREJON;MENSUAL;TARIFA 15 SUR
88;19;1;01/08/2025;20/08/2025;1,791;ARCOS JALON;MENSUAL;TARIFA 15 SUR
88;26;1;01/08/2025;20/08/2025;1,798;ALFAJARIN;MENSUAL;TARIFA 15 SUR
88;1;1;01/08/2025;20/08/2025;1,815;TORREMOCHA;MENSUAL;TARIFA 15 SUR
88;2;1;01/08/2025;20/08/2025;1,815;MADRID;MENSUAL;TARIFA 15 SUR
88;55;1;01/08/2025;20/08/2025;1,822;VALLECAS;MENSUAL;TARIFA 15 SUR
88;96;1;01/08/2025;20/08/2025;1,810;ES VALDEMORO;MENSUAL;TARIFA 15 SUR
88;9;1;01/08/2025;20/08/2025;1,774;PAMPLONA;MENSUAL;TARIFA 15 SUR
88;10;1;01/08/2025;20/08/2025;1,774;PAMPLONA;MENSUAL;TARIFA 15 SUR
88;74;1;01/08/2025;20/08/2025;1,810;HUMILLADERO;MENSUAL;TARIFA 15 SUR
88;75;1;01/08/2025;20/08/2025;1,810;HUMILLADERO;MENSUAL;TARIFA 15 SUR
88;27;1;01/08/2025;20/08/2025;1,815;UCLES;MENSUAL;TARIFA 15 SUR
88;72;1;01/08/2025;20/08/2025;1,810;BENAMEJI;MENSUAL;TARIFA 15 SUR
88;76;1;01/08/2025;20/08/2025;1,786;SORIA ALCUBILLAS;MENSUAL;TARIFA 15 SUR
88;83;1;01/08/2025;20/08/2025;1,798;ES RIBA-ROJA;MENSUAL;TARIFA 15 SUR
88;84;1;01/08/2025;20/08/2025;1,798;ES PISTA DE SILLA;MENSUAL;TARIFA 15 SUR
88;85;1;01/08/2025;20/08/2025;1,798;ES REAL DE GANDIA;MENSUAL;TARIFA 15 SUR
88;87;1;01/08/2025;20/08/2025;1,798;ES CHIVA;MENSUAL;TARIFA 15 SUR
88;88;1;01/08/2025;20/08/2025;1,798;ES ALBERIC;MENSUAL;TARIFA 15 SUR
88;18;1;01/08/2025;20/08/2025;1,777;ABRERA;MENSUAL;TARIFA 15 SUR
88;70;1;01/08/2025;20/08/2025;1,833;VALDEHERRERA;MENSUAL;TARIFA 15 SUR
88;23;1;01/08/2025;20/08/2025;1,822;EL CASAR;MENSUAL;TARIFA 15 SUR
88;66;1;01/08/2025;20/08/2025;0,000;MONTE REAL;MENSUAL;TARIFA 15 SUR
88;8;1;01/08/2025;20/08/2025;1,797;LA JOYOSA;MENSUAL;TARIFA 15 SUR
88;82;1;01/08/2025;20/08/2025;1,802;JUNDIZ NORPETROL;MENSUAL;TARIFA 15 SUR
88;16;1;01/08/2025;20/08/2025;1,930;OLIVERAL;MENSUAL;TARIFA 15 SUR
88;14;1;01/08/2025;20/08/2025;0,000;Z.FRANCA;MENSUAL;TARIFA 15 SUR
88;5;1;01/08/2025;20/08/2025;1,803;GUARROMAN;MENSUAL;TARIFA 15 SUR
88;41;1;01/08/2025;20/08/2025;1,810;VALDEPEÑAS;MENSUAL;TARIFA 15 SUR
88;64;1;01/08/2025;20/08/2025;1,803;OPEN;MENSUAL;TARIFA 15 SUR
88;44;1;01/08/2025;20/08/2025;1,785;TJOIL SEVILLA;MENSUAL;TARIFA 15 SUR
88;33;1;01/08/2025;20/08/2025;1,837;BENAVENTE;MENSUAL;TARIFA 15 SUR
88;34;1;01/08/2025;20/08/2025;1,808;IRUN ZAISA III;MENSUAL;TARIFA 15 SUR
88;91;1;01/08/2025;20/08/2025;1,809;TARRAGONA;MENSUAL;TARIFA 15 SUR
88;53;1;01/08/2025;20/08/2025;1,809;VILAMALLA;MENSUAL;TARIFA 15 SUR
88;45;1;01/08/2025;20/08/2025;1,810;LACHAR;MENSUAL;TARIFA 15 SUR
88;47;1;01/08/2025;20/08/2025;1,798;LA CAMPANA;MENSUAL;TARIFA 15 SUR
88;56;1;01/08/2025;20/08/2025;1,845;AVILESINA;MENSUAL;TARIFA 15 SUR
88;61;1;01/08/2025;20/08/2025;1,810;GOR;MENSUAL;TARIFA 15 SUR
88;60;1;01/08/2025;20/08/2025;1,797;LLERS;MENSUAL;TARIFA 15 SUR
88;65;1;01/08/2025;20/08/2025;1,810;DARRO - A92;MENSUAL;TARIFA 15 SUR
88;68;1;01/08/2025;20/08/2025;1,885;MERIDA;MENSUAL;TARIFA 15 SUR
88;67;1;01/08/2025;20/08/2025;1,785;SANCTI-SPIRITUS;MENSUAL;TARIFA 15 SUR
88;77;1;01/08/2025;20/08/2025;1,785;MURCIA;MENSUAL;TARIFA 15 SUR
88;78;1;01/08/2025;20/08/2025;1,785;NORIOIL;MENSUAL;TARIFA 15 SUR
88;80;1;01/08/2025;20/08/2025;1,834;SAN VICENTE DEL PALACIO;MENSUAL;TARIFA 15 SUR
88;81;1;01/08/2025;20/08/2025;1,846;WATERY ARANDA;MENSUAL;TARIFA 15 SUR
88;79;1;01/08/2025;20/08/2025;1,761;BERA ;MENSUAL;TARIFA 15 SUR
88;71;1;01/08/2025;20/08/2025;1,814;PUERTO DE BARCELONA;MENSUAL;TARIFA 15 SUR
88;86;1;01/08/2025;20/08/2025;1,838;GIRONA-CALSINA;MENSUAL;TARIFA 15 SUR
88;89;1;01/08/2025;20/08/2025;1,798;CATARROJA;MENSUAL;TARIFA 15 SUR
88;90;1;01/08/2025;20/08/2025;1,798;MANISES - EXOIL;MENSUAL;TARIFA 15 SUR
88;93;1;01/08/2025;20/08/2025;1,843;FEGOBLAN PONTEVEDRA;MENSUAL;TARIFA 15 SUR
88;94;1;01/08/2025;20/08/2025;1,832;VEGA DE VALCARCE;MENSUAL;TARIFA 15 SUR
88;95;1;01/08/2025;20/08/2025;1,842;HOILA TOLEDO;MENSUAL;TARIFA 15 SUR
88;97;1;01/08/2025;20/08/2025;1,807;PETREM TRUCKS FIGUERES;MENSUAL;TARIFA 15 SUR
89;73;1;01/08/2025;20/08/2025;1,790;TORREJON;PREPAGO;PREPAGO 10
89;19;1;01/08/2025;20/08/2025;1,770;ARCOS JALON;PREPAGO;PREPAGO 10
89;26;1;01/08/2025;20/08/2025;1,777;ALFAJARIN;PREPAGO;PREPAGO 10
89;1;1;01/08/2025;20/08/2025;1,794;TORREMOCHA;PREPAGO;PREPAGO 10
89;2;1;01/08/2025;20/08/2025;1,794;MADRID;PREPAGO;PREPAGO 10
89;55;1;01/08/2025;20/08/2025;1,826;VALLECAS;PREPAGO;PREPAGO 10
89;96;1;01/08/2025;20/08/2025;1,790;ES VALDEMORO;PREPAGO;PREPAGO 10
89;9;1;01/08/2025;20/08/2025;1,753;PAMPLONA;PREPAGO;PREPAGO 10
89;10;1;01/08/2025;20/08/2025;1,753;PAMPLONA;PREPAGO;PREPAGO 10
89;74;1;01/08/2025;20/08/2025;1,790;HUMILLADERO;PREPAGO;PREPAGO 10
89;75;1;01/08/2025;20/08/2025;1,790;HUMILLADERO;PREPAGO;PREPAGO 10
89;27;1;01/08/2025;20/08/2025;1,794;UCLES;PREPAGO;PREPAGO 10
89;72;1;01/08/2025;20/08/2025;1,790;BENAMEJI;PREPAGO;PREPAGO 10
89;76;1;01/08/2025;20/08/2025;1,765;SORIA ALCUBILLAS;PREPAGO;PREPAGO 10
89;83;1;01/08/2025;20/08/2025;1,777;ES RIBA-ROJA;PREPAGO;PREPAGO 10
89;84;1;01/08/2025;20/08/2025;1,777;ES PISTA DE SILLA;PREPAGO;PREPAGO 10
89;85;1;01/08/2025;20/08/2025;1,802;ES REAL DE GANDIA;PREPAGO;PREPAGO 10
89;87;1;01/08/2025;20/08/2025;1,802;ES CHIVA;PREPAGO;PREPAGO 10
89;88;1;01/08/2025;20/08/2025;1,802;ES ALBERIC;PREPAGO;PREPAGO 10
89;18;1;01/08/2025;20/08/2025;1,790;ABRERA;PREPAGO;PREPAGO 10
89;70;1;01/08/2025;20/08/2025;1,826;VALDEHERRERA;PREPAGO;PREPAGO 10
89;23;1;01/08/2025;20/08/2025;1,826;EL CASAR;PREPAGO;PREPAGO 10
89;66;1;01/08/2025;20/08/2025;0,000;MONTE REAL;PREPAGO;PREPAGO 10
89;8;1;01/08/2025;20/08/2025;1,790;LA JOYOSA;PREPAGO;PREPAGO 10
89;82;1;01/08/2025;20/08/2025;1,794;JUNDIZ NORPETROL;PREPAGO;PREPAGO 10
89;16;1;01/08/2025;20/08/2025;1,923;OLIVERAL;PREPAGO;PREPAGO 10
89;14;1;01/08/2025;20/08/2025;0,000;Z.FRANCA;PREPAGO;PREPAGO 10
89;5;1;01/08/2025;20/08/2025;1,807;GUARROMAN;PREPAGO;PREPAGO 10
89;41;1;01/08/2025;20/08/2025;1,814;VALDEPEÑAS;PREPAGO;PREPAGO 10
89;64;1;01/08/2025;20/08/2025;1,807;OPEN;PREPAGO;PREPAGO 10
89;44;1;01/08/2025;20/08/2025;1,777;TJOIL SEVILLA;PREPAGO;PREPAGO 10
89;33;1;01/08/2025;20/08/2025;1,830;BENAVENTE;PREPAGO;PREPAGO 10
89;34;1;01/08/2025;20/08/2025;1,800;IRUN ZAISA III;PREPAGO;PREPAGO 10
89;91;1;01/08/2025;20/08/2025;1,802;TARRAGONA;PREPAGO;PREPAGO 10
89;53;1;01/08/2025;20/08/2025;0,000;VILAMALLA;PREPAGO;PREPAGO 10
89;45;1;01/08/2025;20/08/2025;1,814;LACHAR;PREPAGO;PREPAGO 10
89;47;1;01/08/2025;20/08/2025;1,802;LA CAMPANA;PREPAGO;PREPAGO 10
89;56;1;01/08/2025;20/08/2025;1,838;AVILESINA;PREPAGO;PREPAGO 10
89;61;1;01/08/2025;20/08/2025;1,814;GOR;PREPAGO;PREPAGO 10
89;60;1;01/08/2025;20/08/2025;1,790;LLERS;PREPAGO;PREPAGO 10
89;65;1;01/08/2025;20/08/2025;1,814;DARRO - A92;PREPAGO;PREPAGO 10
89;68;1;01/08/2025;20/08/2025;1,878;MERIDA;PREPAGO;PREPAGO 10
89;67;1;01/08/2025;20/08/2025;1,777;SANCTI-SPIRITUS;PREPAGO;PREPAGO 10
89;77;1;01/08/2025;20/08/2025;1,777;MURCIA;PREPAGO;PREPAGO 10
89;78;1;01/08/2025;20/08/2025;1,777;NORIOIL;PREPAGO;PREPAGO 10
89;80;1;01/08/2025;20/08/2025;1,827;SAN VICENTE DEL PALACIO;PREPAGO;PREPAGO 10
89;81;1;01/08/2025;20/08/2025;1,839;WATERY ARANDA;PREPAGO;PREPAGO 10
89;79;1;01/08/2025;20/08/2025;1,753;BERA ;PREPAGO;PREPAGO 10
89;71;1;01/08/2025;20/08/2025;1,807;PUERTO DE BARCELONA;PREPAGO;PREPAGO 10
89;86;1;01/08/2025;20/08/2025;1,831;GIRONA-CALSINA;PREPAGO;PREPAGO 10
89;89;1;01/08/2025;20/08/2025;1,802;CATARROJA;PREPAGO;PREPAGO 10
89;90;1;01/08/2025;20/08/2025;1,802;MANISES - EXOIL;PREPAGO;PREPAGO 10
89;93;1;01/08/2025;20/08/2025;1,836;FEGOBLAN PONTEVEDRA;PREPAGO;PREPAGO 10
89;94;1;01/08/2025;20/08/2025;1,825;VEGA DE VALCARCE;PREPAGO;PREPAGO 10
89;95;1;01/08/2025;20/08/2025;1,834;HOILA TOLEDO;PREPAGO;PREPAGO 10
89;97;1;01/08/2025;20/08/2025;1,810;PETREM TRUCKS FIGUERES;PREPAGO;PREPAGO 10
91;73;1;01/08/2025;20/08/2025;1,802;TORREJON;PREPAGO;PREPAGO 20
91;19;1;01/08/2025;20/08/2025;1,782;ARCOS JALON;PREPAGO;PREPAGO 20
91;26;1;01/08/2025;20/08/2025;1,790;ALFAJARIN;PREPAGO;PREPAGO 20
91;1;1;01/08/2025;20/08/2025;1,807;TORREMOCHA;PREPAGO;PREPAGO 20
91;2;1;01/08/2025;20/08/2025;1,807;MADRID;PREPAGO;PREPAGO 20
91;55;1;01/08/2025;20/08/2025;1,833;VALLECAS;PREPAGO;PREPAGO 20
91;96;1;01/08/2025;20/08/2025;1,802;ES VALDEMORO;PREPAGO;PREPAGO 20
91;9;1;01/08/2025;20/08/2025;1,765;PAMPLONA;PREPAGO;PREPAGO 20
91;10;1;01/08/2025;20/08/2025;1,765;PAMPLONA;PREPAGO;PREPAGO 20
91;74;1;01/08/2025;20/08/2025;1,802;HUMILLADERO;PREPAGO;PREPAGO 20
91;75;1;01/08/2025;20/08/2025;1,802;HUMILLADERO;PREPAGO;PREPAGO 20
91;27;1;01/08/2025;20/08/2025;1,807;UCLES;PREPAGO;PREPAGO 20
91;72;1;01/08/2025;20/08/2025;1,802;BENAMEJI;PREPAGO;PREPAGO 20
91;76;1;01/08/2025;20/08/2025;1,777;SORIA ALCUBILLAS;PREPAGO;PREPAGO 20
91;83;1;01/08/2025;20/08/2025;1,790;ES RIBA-ROJA;PREPAGO;PREPAGO 20
91;84;1;01/08/2025;20/08/2025;1,790;ES PISTA DE SILLA;PREPAGO;PREPAGO 20
91;85;1;01/08/2025;20/08/2025;1,809;ES REAL DE GANDIA;PREPAGO;PREPAGO 20
91;87;1;01/08/2025;20/08/2025;1,809;ES CHIVA;PREPAGO;PREPAGO 20
91;88;1;01/08/2025;20/08/2025;1,809;ES ALBERIC;PREPAGO;PREPAGO 20
91;18;1;01/08/2025;20/08/2025;1,797;ABRERA;PREPAGO;PREPAGO 20
91;70;1;01/08/2025;20/08/2025;1,833;VALDEHERRERA;PREPAGO;PREPAGO 20
91;23;1;01/08/2025;20/08/2025;1,833;EL CASAR;PREPAGO;PREPAGO 20
91;66;1;01/08/2025;20/08/2025;0,000;MONTE REAL;PREPAGO;PREPAGO 20
91;8;1;01/08/2025;20/08/2025;1,797;LA JOYOSA;PREPAGO;PREPAGO 20
91;82;1;01/08/2025;20/08/2025;1,802;JUNDIZ NORPETROL;PREPAGO;PREPAGO 20
91;16;1;01/08/2025;20/08/2025;1,930;OLIVERAL;PREPAGO;PREPAGO 20
91;14;1;01/08/2025;20/08/2025;0,000;Z.FRANCA;PREPAGO;PREPAGO 20
91;5;1;01/08/2025;20/08/2025;1,814;GUARROMAN;PREPAGO;PREPAGO 20
91;41;1;01/08/2025;20/08/2025;1,821;VALDEPEÑAS;PREPAGO;PREPAGO 20
91;64;1;01/08/2025;20/08/2025;1,814;OPEN;PREPAGO;PREPAGO 20
91;44;1;01/08/2025;20/08/2025;1,785;TJOIL SEVILLA;PREPAGO;PREPAGO 20
91;33;1;01/08/2025;20/08/2025;1,837;BENAVENTE;PREPAGO;PREPAGO 20
91;34;1;01/08/2025;20/08/2025;1,808;IRUN ZAISA III;PREPAGO;PREPAGO 20
91;91;1;01/08/2025;20/08/2025;1,809;TARRAGONA;PREPAGO;PREPAGO 20
91;53;1;01/08/2025;20/08/2025;0,000;VILAMALLA;PREPAGO;PREPAGO 20
91;45;1;01/08/2025;20/08/2025;1,821;LACHAR;PREPAGO;PREPAGO 20
91;47;1;01/08/2025;20/08/2025;1,809;LA CAMPANA;PREPAGO;PREPAGO 20
91;56;1;01/08/2025;20/08/2025;1,845;AVILESINA;PREPAGO;PREPAGO 20
91;61;1;01/08/2025;20/08/2025;1,821;GOR;PREPAGO;PREPAGO 20
91;60;1;01/08/2025;20/08/2025;1,797;LLERS;PREPAGO;PREPAGO 20
91;65;1;01/08/2025;20/08/2025;1,821;DARRO - A92;PREPAGO;PREPAGO 20
91;68;1;01/08/2025;20/08/2025;1,885;MERIDA;PREPAGO;PREPAGO 20
91;67;1;01/08/2025;20/08/2025;1,785;SANCTI-SPIRITUS;PREPAGO;PREPAGO 20
91;77;1;01/08/2025;20/08/2025;1,785;MURCIA;PREPAGO;PREPAGO 20
91;78;1;01/08/2025;20/08/2025;1,785;NORIOIL;PREPAGO;PREPAGO 20
91;80;1;01/08/2025;20/08/2025;1,834;SAN VICENTE DEL PALACIO;PREPAGO;PREPAGO 20
91;81;1;01/08/2025;20/08/2025;1,846;WATERY ARANDA;PREPAGO;PREPAGO 20
91;79;1;01/08/2025;20/08/2025;1,761;BERA ;PREPAGO;PREPAGO 20
91;71;1;01/08/2025;20/08/2025;1,814;PUERTO DE BARCELONA;PREPAGO;PREPAGO 20
91;86;1;01/08/2025;20/08/2025;1,838;GIRONA-CALSINA;PREPAGO;PREPAGO 20
91;89;1;01/08/2025;20/08/2025;1,809;CATARROJA;PREPAGO;PREPAGO 20
91;90;1;01/08/2025;20/08/2025;1,809;MANISES - EXOIL;PREPAGO;PREPAGO 20
91;93;1;01/08/2025;20/08/2025;1,843;FEGOBLAN PONTEVEDRA;PREPAGO;PREPAGO 20
91;94;1;01/08/2025;20/08/2025;1,832;VEGA DE VALCARCE;PREPAGO;PREPAGO 20
91;95;1;01/08/2025;20/08/2025;1,842;HOILA TOLEDO;PREPAGO;PREPAGO 20
91;97;1;01/08/2025;20/08/2025;1,817;PETREM TRUCKS FIGUERES;PREPAGO;PREPAGO 20
92;73;1;01/08/2025;20/08/2025;1,814;TORREJON;PREPAGO;PREPAGO 30
92;19;1;01/08/2025;20/08/2025;1,794;ARCOS JALON;PREPAGO;PREPAGO 30
92;26;1;01/08/2025;20/08/2025;1,802;ALFAJARIN;PREPAGO;PREPAGO 30
92;1;1;01/08/2025;20/08/2025;1,819;TORREMOCHA;PREPAGO;PREPAGO 30
92;2;1;01/08/2025;20/08/2025;1,819;MADRID;PREPAGO;PREPAGO 30
92;55;1;01/08/2025;20/08/2025;1,840;VALLECAS;PREPAGO;PREPAGO 30
92;96;1;01/08/2025;20/08/2025;1,814;ES VALDEMORO;PREPAGO;PREPAGO 30
92;9;1;01/08/2025;20/08/2025;1,777;PAMPLONA;PREPAGO;PREPAGO 30
92;10;1;01/08/2025;20/08/2025;1,777;PAMPLONA;PREPAGO;PREPAGO 30
92;74;1;01/08/2025;20/08/2025;1,814;HUMILLADERO;PREPAGO;PREPAGO 30
92;75;1;01/08/2025;20/08/2025;1,814;HUMILLADERO;PREPAGO;PREPAGO 30
92;27;1;01/08/2025;20/08/2025;1,819;UCLES;PREPAGO;PREPAGO 30
92;72;1;01/08/2025;20/08/2025;1,814;BENAMEJI;PREPAGO;PREPAGO 30
92;76;1;01/08/2025;20/08/2025;1,790;SORIA ALCUBILLAS;PREPAGO;PREPAGO 30
92;83;1;01/08/2025;20/08/2025;1,802;ES RIBA-ROJA;PREPAGO;PREPAGO 30
92;84;1;01/08/2025;20/08/2025;1,802;ES PISTA DE SILLA;PREPAGO;PREPAGO 30
92;85;1;01/08/2025;20/08/2025;1,816;ES REAL DE GANDIA;PREPAGO;PREPAGO 30
92;87;1;01/08/2025;20/08/2025;1,816;ES CHIVA;PREPAGO;PREPAGO 30
92;88;1;01/08/2025;20/08/2025;1,816;ES ALBERIC;PREPAGO;PREPAGO 30
92;18;1;01/08/2025;20/08/2025;1,804;ABRERA;PREPAGO;PREPAGO 30
92;70;1;01/08/2025;20/08/2025;1,840;VALDEHERRERA;PREPAGO;PREPAGO 30
92;23;1;01/08/2025;20/08/2025;1,840;EL CASAR;PREPAGO;PREPAGO 30
92;66;1;01/08/2025;20/08/2025;0,000;MONTE REAL;PREPAGO;PREPAGO 30
92;8;1;01/08/2025;20/08/2025;1,804;LA JOYOSA;PREPAGO;PREPAGO 30
92;82;1;01/08/2025;20/08/2025;1,809;JUNDIZ NORPETROL;PREPAGO;PREPAGO 30
92;16;1;01/08/2025;20/08/2025;1,937;OLIVERAL;PREPAGO;PREPAGO 30
92;14;1;01/08/2025;20/08/2025;0,000;Z.FRANCA;PREPAGO;PREPAGO 30
92;5;1;01/08/2025;20/08/2025;1,821;GUARROMAN;PREPAGO;PREPAGO 30
92;41;1;01/08/2025;20/08/2025;1,828;VALDEPEÑAS;PREPAGO;PREPAGO 30
92;64;1;01/08/2025;20/08/2025;1,821;OPEN;PREPAGO;PREPAGO 30
92;44;1;01/08/2025;20/08/2025;1,792;TJOIL SEVILLA;PREPAGO;PREPAGO 30
92;33;1;01/08/2025;20/08/2025;1,844;BENAVENTE;PREPAGO;PREPAGO 30
92;34;1;01/08/2025;20/08/2025;1,815;IRUN ZAISA III;PREPAGO;PREPAGO 30
92;91;1;01/08/2025;20/08/2025;1,816;TARRAGONA;PREPAGO;PREPAGO 30
92;53;1;01/08/2025;20/08/2025;0,000;VILAMALLA;PREPAGO;PREPAGO 30
92;45;1;01/08/2025;20/08/2025;1,828;LACHAR;PREPAGO;PREPAGO 30
92;47;1;01/08/2025;20/08/2025;1,816;LA CAMPANA;PREPAGO;PREPAGO 30
92;56;1;01/08/2025;20/08/2025;1,853;AVILESINA;PREPAGO;PREPAGO 30
92;61;1;01/08/2025;20/08/2025;1,828;GOR;PREPAGO;PREPAGO 30
92;60;1;01/08/2025;20/08/2025;1,804;LLERS;PREPAGO;PREPAGO 30
92;65;1;01/08/2025;20/08/2025;1,828;DARRO - A92;PREPAGO;PREPAGO 30
92;68;1;01/08/2025;20/08/2025;1,892;MERIDA;PREPAGO;PREPAGO 30
92;67;1;01/08/2025;20/08/2025;1,792;SANCTI-SPIRITUS;PREPAGO;PREPAGO 30
92;77;1;01/08/2025;20/08/2025;1,792;MURCIA;PREPAGO;PREPAGO 30
92;78;1;01/08/2025;20/08/2025;1,792;NORIOIL;PREPAGO;PREPAGO 30
92;80;1;01/08/2025;20/08/2025;1,842;SAN VICENTE DEL PALACIO;PREPAGO;PREPAGO 30
92;81;1;01/08/2025;20/08/2025;1,854;WATERY ARANDA;PREPAGO;PREPAGO 30
92;79;1;01/08/2025;20/08/2025;1,768;BERA ;PREPAGO;PREPAGO 30
92;71;1;01/08/2025;20/08/2025;1,821;PUERTO DE BARCELONA;PREPAGO;PREPAGO 30
92;86;1;01/08/2025;20/08/2025;1,845;GIRONA-CALSINA;PREPAGO;PREPAGO 30
92;89;1;01/08/2025;20/08/2025;1,816;CATARROJA;PREPAGO;PREPAGO 30
92;90;1;01/08/2025;20/08/2025;1,816;MANISES - EXOIL;PREPAGO;PREPAGO 30
92;93;1;01/08/2025;20/08/2025;1,850;FEGOBLAN PONTEVEDRA;PREPAGO;PREPAGO 30
92;94;1;01/08/2025;20/08/2025;1,839;VEGA DE VALCARCE;PREPAGO;PREPAGO 30
92;95;1;01/08/2025;20/08/2025;1,849;HOILA TOLEDO;PREPAGO;PREPAGO 30
92;97;1;01/08/2025;20/08/2025;1,825;PETREM TRUCKS FIGUERES;PREPAGO;PREPAGO 30
